{ "results": [
	{
        "owningId": "JZQQ75Ki8X",
        "relatedId": "1uocOcePmU"
    },
	{
        "owningId": "anEp3YbFfI",
        "relatedId": "1uocOcePmU"
    },
	{
        "owningId": "L9m31wVs0E",
        "relatedId": "kBV97IrWd7"
    },
	{
        "owningId": "L9m31wVs0E",
        "relatedId": "1koHD8kK3S"
    },
	{
        "owningId": "L9m31wVs0E",
        "relatedId": "34n0piVMco"
    },
	{
        "owningId": "sQjuvaq7hV",
        "relatedId": "34n0piVMco"
    },
	{
        "owningId": "sQjuvaq7hV",
        "relatedId": "TcEY3vdDG2"
    },
	{
        "owningId": "QY4UjchGWQ",
        "relatedId": "34n0piVMco"
    },
	{
        "owningId": "QY4UjchGWQ",
        "relatedId": "fAXQawS7XT"
    },
	{
        "owningId": "AXSoTKwhHV",
        "relatedId": "34n0piVMco"
    },
	{
        "owningId": "AXSoTKwhHV",
        "relatedId": "TcEY3vdDG2"
    },
	{
        "owningId": "1Bj0NEpHcb",
        "relatedId": "kBV97IrWd7"
    },
	{
        "owningId": "1Bj0NEpHcb",
        "relatedId": "34n0piVMco"
    },
	{
        "owningId": "p7AZFxS0LT",
        "relatedId": "kBV97IrWd7"
    },
	{
        "owningId": "p7AZFxS0LT",
        "relatedId": "34n0piVMco"
    },
	{
        "owningId": "5nAKqiD4vX",
        "relatedId": "kBV97IrWd7"
    },
	{
        "owningId": "5nAKqiD4vX",
        "relatedId": "34n0piVMco"
    },
	{
        "owningId": "5QJfgdzYbv",
        "relatedId": "kBV97IrWd7"
    },
	{
        "owningId": "5QJfgdzYbv",
        "relatedId": "34n0piVMco"
    },
	{
        "owningId": "Rif3BXviyg",
        "relatedId": "3aGyQgI2FY"
    },
	{
        "owningId": "LWD0d1aEfr",
        "relatedId": "BZAIw22UuL"
    },
	{
        "owningId": "LWD0d1aEfr",
        "relatedId": "4n389cCrrT"
    },
	{
        "owningId": "xZGCOnHQOg",
        "relatedId": "jTbvYPoRig"
    },
	{
        "owningId": "xZGCOnHQOg",
        "relatedId": "sn43AhOb9K"
    },
	{
        "owningId": "xZGCOnHQOg",
        "relatedId": "WyttQtAdVN"
    },
	{
        "owningId": "xZGCOnHQOg",
        "relatedId": "AGs0Rq4VMy"
    },
	{
        "owningId": "xZGCOnHQOg",
        "relatedId": "BZAIw22UuL"
    },
	{
        "owningId": "3J3suDcP3t",
        "relatedId": "flfkHTcPg5"
    },
	{
        "owningId": "3J3suDcP3t",
        "relatedId": "Vn1mNoBEH2"
    },
	{
        "owningId": "3J3suDcP3t",
        "relatedId": "AfLznyHmEc"
    },
	{
        "owningId": "n2r4AToAqB",
        "relatedId": "flfkHTcPg5"
    },
	{
        "owningId": "n2r4AToAqB",
        "relatedId": "Vn1mNoBEH2"
    },
	{
        "owningId": "n2r4AToAqB",
        "relatedId": "AfLznyHmEc"
    },
	{
        "owningId": "AyURUddKP5",
        "relatedId": "pSC1X9LxFw"
    },
	{
        "owningId": "AyURUddKP5",
        "relatedId": "AfLznyHmEc"
    },
	{
        "owningId": "JZZX2R0ss9",
        "relatedId": "AfLznyHmEc"
    },
	{
        "owningId": "JZZX2R0ss9",
        "relatedId": "flfkHTcPg5"
    },
	{
        "owningId": "eZ57byvVLj",
        "relatedId": "flfkHTcPg5"
    },
	{
        "owningId": "eZ57byvVLj",
        "relatedId": "Vn1mNoBEH2"
    },
	{
        "owningId": "eZ57byvVLj",
        "relatedId": "AfLznyHmEc"
    },
	{
        "owningId": "sayH7Q6KHh",
        "relatedId": "BZAIw22UuL"
    },
	{
        "owningId": "t5fLM9Hhkg",
        "relatedId": "BZAIw22UuL"
    },
	{
        "owningId": "t5fLM9Hhkg",
        "relatedId": "Xe9q79ZLNu"
    },
	{
        "owningId": "r5AOabKUJS",
        "relatedId": "BZAIw22UuL"
    },
	{
        "owningId": "v1W9NJTSW2",
        "relatedId": "BZAIw22UuL"
    },
	{
        "owningId": "v1W9NJTSW2",
        "relatedId": "Xe9q79ZLNu"
    },
	{
        "owningId": "3DGfHi9nvE",
        "relatedId": "BZAIw22UuL"
    },
	{
        "owningId": "3DGfHi9nvE",
        "relatedId": "Xe9q79ZLNu"
    },
	{
        "owningId": "9za7sq0jKd",
        "relatedId": "BZAIw22UuL"
    },
	{
        "owningId": "9za7sq0jKd",
        "relatedId": "fAXQawS7XT"
    },
	{
        "owningId": "KPgz52leob",
        "relatedId": "BZAIw22UuL"
    },
	{
        "owningId": "osTZBZ4dOo",
        "relatedId": "BZAIw22UuL"
    },
	{
        "owningId": "UQvfNST92p",
        "relatedId": "fAXQawS7XT"
    },
	{
        "owningId": "UQvfNST92p",
        "relatedId": "PYDFgxWKOf"
    },
	{
        "owningId": "UQvfNST92p",
        "relatedId": "MypIxdtzk4"
    },
	{
        "owningId": "tlk5QVCsWa",
        "relatedId": "Mupoe4Z10T"
    },
	{
        "owningId": "tlk5QVCsWa",
        "relatedId": "LXaZVKcPDj"
    },
	{
        "owningId": "x7eGDyw62o",
        "relatedId": "LXaZVKcPDj"
    },
	{
        "owningId": "tFnb8qBIh6",
        "relatedId": "LXaZVKcPDj"
    },
	{
        "owningId": "o84bx9hqim",
        "relatedId": "LXaZVKcPDj"
    },
	{
        "owningId": "GrIJQWnOSo",
        "relatedId": "w0N1ij2ehF"
    },
	{
        "owningId": "GrIJQWnOSo",
        "relatedId": "LXaZVKcPDj"
    },
	{
        "owningId": "IRDtVhlwLY",
        "relatedId": "LXaZVKcPDj"
    },
	{
        "owningId": "TVmAwE6ZsW",
        "relatedId": "w0N1ij2ehF"
    },
	{
        "owningId": "TVmAwE6ZsW",
        "relatedId": "LXaZVKcPDj"
    },
	{
        "owningId": "6SsSBbQ78h",
        "relatedId": "Mupoe4Z10T"
    },
	{
        "owningId": "QFQlEf0tJQ",
        "relatedId": "kBV97IrWd7"
    },
	{
        "owningId": "QFQlEf0tJQ",
        "relatedId": "PGQeKXcGjV"
    },
	{
        "owningId": "jDEobaWgtG",
        "relatedId": "TcEY3vdDG2"
    },
	{
        "owningId": "cShfPJ0QSZ",
        "relatedId": "Ur1FLZ2uDa"
    },
	{
        "owningId": "pE5pO6iT7B",
        "relatedId": "kBV97IrWd7"
    },
	{
        "owningId": "pE5pO6iT7B",
        "relatedId": "VGqVxl6nEO"
    },
	{
        "owningId": "jHvI97siw2",
        "relatedId": "Xe9q79ZLNu"
    },
	{
        "owningId": "geZ8oP4Mhj",
        "relatedId": "fAXQawS7XT"
    },
	{
        "owningId": "tn4uDpY7pj",
        "relatedId": "fAXQawS7XT"
    },
	{
        "owningId": "yEzsIn58OF",
        "relatedId": "fAXQawS7XT"
    },
	{
        "owningId": "W6ZruciZ0i",
        "relatedId": "i3tTtm978X"
    },
	{
        "owningId": "W6ZruciZ0i",
        "relatedId": "fAXQawS7XT"
    },
	{
        "owningId": "pPeJmGtXeN",
        "relatedId": "fAXQawS7XT"
    },
	{
        "owningId": "rpMAyPdqKs",
        "relatedId": "fAXQawS7XT"
    },
	{
        "owningId": "VyApZn8kwO",
        "relatedId": "fAXQawS7XT"
    },
	{
        "owningId": "XA9Fwk1ALX",
        "relatedId": "fAXQawS7XT"
    },
	{
        "owningId": "zikfl8rryA",
        "relatedId": "flfkHTcPg5"
    },
	{
        "owningId": "pHLLQARt2B",
        "relatedId": "flfkHTcPg5"
    },
	{
        "owningId": "8vJdBEA1b2",
        "relatedId": "flfkHTcPg5"
    },
	{
        "owningId": "t8Ytcy8b58",
        "relatedId": "kBV97IrWd7"
    },
	{
        "owningId": "t8Ytcy8b58",
        "relatedId": "w0N1ij2ehF"
    },
	{
        "owningId": "WJvIl17AhC",
        "relatedId": "kBV97IrWd7"
    },
	{
        "owningId": "WJvIl17AhC",
        "relatedId": "w0N1ij2ehF"
    },
	{
        "owningId": "mvucfdnapX",
        "relatedId": "pSC1X9LxFw"
    },
	{
        "owningId": "iBl883nH6Z",
        "relatedId": "pSC1X9LxFw"
    },
	{
        "owningId": "YmVkwpB7Pj",
        "relatedId": "w0N1ij2ehF"
    },
	{
        "owningId": "Rh2dptlnqY",
        "relatedId": "w0N1ij2ehF"
    },
	{
        "owningId": "Cdq9DPY2h3",
        "relatedId": "fAXQawS7XT"
    },
	{
        "owningId": "Cdq9DPY2h3",
        "relatedId": "wQDdBkxGbG"
    },
	{
        "owningId": "6SsSBbQ78h",
        "relatedId": "LXaZVKcPDj"
    },
	{
        "owningId": "UQvfNST92p",
        "relatedId": "LXaZVKcPDj"
    },
	{
        "owningId": "UQvfNST92p",
        "relatedId": "Mupoe4Z10T"
    },
	{
        "owningId": "54rAlAxY9j",
        "relatedId": "LXaZVKcPDj"
    },
	{
        "owningId": "l2kTkw8wHt",
        "relatedId": "LXaZVKcPDj"
    },
	{
        "owningId": "2tancVsrzE",
        "relatedId": "Mupoe4Z10T"
    },
	{
        "owningId": "3I8JwVJdSW",
        "relatedId": "LXaZVKcPDj"
    },
	{
        "owningId": "4gddNhF0GY",
        "relatedId": "LXaZVKcPDj"
    },
	{
        "owningId": "NBBHMtNbbf",
        "relatedId": "LXaZVKcPDj"
    },
	{
        "owningId": "YLzoyFjJfL",
        "relatedId": "LXaZVKcPDj"
    },
	{
        "owningId": "iUmIb01LBO",
        "relatedId": "LXaZVKcPDj"
    },
	{
        "owningId": "9tlBQziJXj",
        "relatedId": "E14B1ksCLb"
    },
	{
        "owningId": "9tlBQziJXj",
        "relatedId": "Xe9q79ZLNu"
    },
	{
        "owningId": "mvMUFLw7Ld",
        "relatedId": "Xe9q79ZLNu"
    },
	{
        "owningId": "j1PEzDMpdn",
        "relatedId": "Xe9q79ZLNu"
    },
	{
        "owningId": "tEVnzEZ5m3",
        "relatedId": "fAXQawS7XT"
    },
	{
        "owningId": "VXGvHOdWE7",
        "relatedId": "fAXQawS7XT"
    },
	{
        "owningId": "0gkHXVMFV0",
        "relatedId": "fAXQawS7XT"
    },
	{
        "owningId": "ge3jvqi0MZ",
        "relatedId": "E14B1ksCLb"
    },
	{
        "owningId": "98pb5ErpAl",
        "relatedId": "E14B1ksCLb"
    },
	{
        "owningId": "AWgTMwC2Hs",
        "relatedId": "7PrFTnmbQp"
    },
	{
        "owningId": "OIEVJvkFlw",
        "relatedId": "7PrFTnmbQp"
    },
	{
        "owningId": "7Do3XOQue4",
        "relatedId": "7PrFTnmbQp"
    },
	{
        "owningId": "OIEVJvkFlw",
        "relatedId": "LXaZVKcPDj"
    },
	{
        "owningId": "OIEVJvkFlw",
        "relatedId": "E14B1ksCLb"
    },
	{
        "owningId": "nhBytabhWN",
        "relatedId": "LXaZVKcPDj"
    },
	{
        "owningId": "7Do3XOQue4",
        "relatedId": "LXaZVKcPDj"
    },
	{
        "owningId": "xc4YfDGKvV",
        "relatedId": "E14B1ksCLb"
    },
	{
        "owningId": "9bSY6eZyWo",
        "relatedId": "fAXQawS7XT"
    },
	{
        "owningId": "mvMUFLw7Ld",
        "relatedId": "iWsbsX9eqm"
    },
	{
        "owningId": "mvMUFLw7Ld",
        "relatedId": "rH9mPCfKr0"
    },
	{
        "owningId": "mvMUFLw7Ld",
        "relatedId": "qMxaiGhhSs"
    },
	{
        "owningId": "O7y1JcO397",
        "relatedId": "aWaTQfijl7"
    },
	{
        "owningId": "PozQiK8TRu",
        "relatedId": "fAXQawS7XT"
    },
	{
        "owningId": "qhx1Rwix8g",
        "relatedId": "EEL1C3I2bn"
    },
	{
        "owningId": "qhx1Rwix8g",
        "relatedId": "fAXQawS7XT"
    },
	{
        "owningId": "J0Ek9eEJsw",
        "relatedId": "7PrFTnmbQp"
    },
	{
        "owningId": "ZyHOMbRZD1",
        "relatedId": "JzxZRAuf0F"
    },
	{
        "owningId": "ajjzrfLsKW",
        "relatedId": "DLeeW8QWHR"
    },
	{
        "owningId": "ajjzrfLsKW",
        "relatedId": "WyttQtAdVN"
    },
	{
        "owningId": "ajjzrfLsKW",
        "relatedId": "mNWMDGan4b"
    },
	{
        "owningId": "ABlQ9G4dsS",
        "relatedId": "xhKX8IZnSh"
    },
	{
        "owningId": "ABlQ9G4dsS",
        "relatedId": "n4HDDLou0P"
    },
	{
        "owningId": "vA64WC2Jme",
        "relatedId": "Mupoe4Z10T"
    },
	{
        "owningId": "vA64WC2Jme",
        "relatedId": "xhKX8IZnSh"
    },
	{
        "owningId": "f0pUAGHeDm",
        "relatedId": "DyOhQd2KD0"
    },
	{
        "owningId": "tj1SEDRNio",
        "relatedId": "AGs0Rq4VMy"
    },
	{
        "owningId": "my4YY06d1Z",
        "relatedId": "xhKX8IZnSh"
    },
	{
        "owningId": "my4YY06d1Z",
        "relatedId": "RXAKxrRcCh"
    },
	{
        "owningId": "ZB0hEpiWqU",
        "relatedId": "xhKX8IZnSh"
    },
	{
        "owningId": "T3wD9V9GV8",
        "relatedId": "7K6qT2ENH8"
    },
	{
        "owningId": "GsbvLPAE1K",
        "relatedId": "7K6qT2ENH8"
    },
	{
        "owningId": "rOmb4tAxJr",
        "relatedId": "7K6qT2ENH8"
    },
	{
        "owningId": "T3wD9V9GV8",
        "relatedId": "Th9j6KHviG"
    },
	{
        "owningId": "gamMdVymTi",
        "relatedId": "xhKX8IZnSh"
    },
	{
        "owningId": "aCsdealhCC",
        "relatedId": "xhKX8IZnSh"
    },
	{
        "owningId": "rOmb4tAxJr",
        "relatedId": "xhKX8IZnSh"
    },
	{
        "owningId": "bVzZQM5Ead",
        "relatedId": "xhKX8IZnSh"
    },
	{
        "owningId": "aCsdealhCC",
        "relatedId": "AGs0Rq4VMy"
    },
	{
        "owningId": "aCsdealhCC",
        "relatedId": "QnrRbkJDqD"
    },
	{
        "owningId": "OkPjFV031K",
        "relatedId": "nOuyD1AMDt"
    },
	{
        "owningId": "ZTFb4QRaLa",
        "relatedId": "r5QzXX9lOD"
    },
	{
        "owningId": "DBbnAn7CKU",
        "relatedId": "xhKX8IZnSh"
    },
	{
        "owningId": "niOESOuCcU",
        "relatedId": "Mupoe4Z10T"
    },
	{
        "owningId": "DBbnAn7CKU",
        "relatedId": "0tDn3EhrnE"
    },
	{
        "owningId": "T8ZM8GT4S2",
        "relatedId": "PGpK5ICyEL"
    },
	{
        "owningId": "5k2ZofBHia",
        "relatedId": "xhKX8IZnSh"
    },
	{
        "owningId": "5k2ZofBHia",
        "relatedId": "0tDn3EhrnE"
    },
	{
        "owningId": "v9yRmpNfo3",
        "relatedId": "QqgLRCAyOc"
    },
	{
        "owningId": "YStxbrg1Dd",
        "relatedId": "xhKX8IZnSh"
    },
	{
        "owningId": "05LQt4RQez",
        "relatedId": "9UutctzoXI"
    },
	{
        "owningId": "05LQt4RQez",
        "relatedId": "xhKX8IZnSh"
    },
	{
        "owningId": "GRmRFB8vpg",
        "relatedId": "YpxOwQftK0"
    },
	{
        "owningId": "GRmRFB8vpg",
        "relatedId": "xhKX8IZnSh"
    },
	{
        "owningId": "i1obyiPbiz",
        "relatedId": "n4HDDLou0P"
    },
	{
        "owningId": "i1obyiPbiz",
        "relatedId": "SbECD1lfFd"
    },
	{
        "owningId": "i1obyiPbiz",
        "relatedId": "nsXv71qKkA"
    },
	{
        "owningId": "ub0ldHF3FM",
        "relatedId": "nsXv71qKkA"
    },
	{
        "owningId": "oV0czkdSCv",
        "relatedId": "nsXv71qKkA"
    },
	{
        "owningId": "rJGBkKkqTr",
        "relatedId": "PGpK5ICyEL"
    },
	{
        "owningId": "JAVq2T3RWG",
        "relatedId": "AGs0Rq4VMy"
    },
	{
        "owningId": "HoKVg98QKb",
        "relatedId": "nsXv71qKkA"
    },
	{
        "owningId": "HoKVg98QKb",
        "relatedId": "WzEroymUQm"
    },
	{
        "owningId": "HoKVg98QKb",
        "relatedId": "0tDn3EhrnE"
    },
	{
        "owningId": "WI5GnFf8ce",
        "relatedId": "nsXv71qKkA"
    },
	{
        "owningId": "8WvifPHJBi",
        "relatedId": "6nMBKFNK00"
    },
	{
        "owningId": "4leY0aQsjo",
        "relatedId": "nsXv71qKkA"
    },
	{
        "owningId": "1aGvoSli7q",
        "relatedId": "gyFLXCTms2"
    },
	{
        "owningId": "FiG3tiEgki",
        "relatedId": "H8KXNTEKfL"
    },
	{
        "owningId": "FiG3tiEgki",
        "relatedId": "EmIxAchzXf"
    },
	{
        "owningId": "cFjjeNaB0H",
        "relatedId": "gyFLXCTms2"
    },
	{
        "owningId": "cFjjeNaB0H",
        "relatedId": "AGs0Rq4VMy"
    },
	{
        "owningId": "cFjjeNaB0H",
        "relatedId": "nsXv71qKkA"
    },
	{
        "owningId": "IptLwxU3kY",
        "relatedId": "gyFLXCTms2"
    },
	{
        "owningId": "SIj6dk7zyH",
        "relatedId": "gyFLXCTms2"
    },
	{
        "owningId": "L3Zb1TlE0m",
        "relatedId": "3Grxba19Uh"
    },
	{
        "owningId": "qJ8PmkRV0c",
        "relatedId": "3Grxba19Uh"
    }
] }