{ "results": [
	{
        "owningId": "w0N1ij2ehF",
        "relatedId": "sdNiIpwDSs"
    },
	{
        "owningId": "w0N1ij2ehF",
        "relatedId": "tAS7waFviZ"
    },
	{
        "owningId": "w0N1ij2ehF",
        "relatedId": "XErY0lSAZU"
    },
	{
        "owningId": "w0N1ij2ehF",
        "relatedId": "tFbRxrVU1f"
    },
	{
        "owningId": "w0N1ij2ehF",
        "relatedId": "LXaZVKcPDj"
    },
	{
        "owningId": "kBV97IrWd7",
        "relatedId": "PGQeKXcGjV"
    },
	{
        "owningId": "PGQeKXcGjV",
        "relatedId": "kBV97IrWd7"
    },
	{
        "owningId": "VGqVxl6nEO",
        "relatedId": "kBV97IrWd7"
    },
	{
        "owningId": "kBV97IrWd7",
        "relatedId": "VGqVxl6nEO"
    },
	{
        "owningId": "LXaZVKcPDj",
        "relatedId": "34n0piVMco"
    },
	{
        "owningId": "LXaZVKcPDj",
        "relatedId": "kBV97IrWd7"
    },
	{
        "owningId": "kBV97IrWd7",
        "relatedId": "34n0piVMco"
    },
	{
        "owningId": "34n0piVMco",
        "relatedId": "kBV97IrWd7"
    },
	{
        "owningId": "34n0piVMco",
        "relatedId": "1koHD8kK3S"
    },
	{
        "owningId": "TcEY3vdDG2",
        "relatedId": "34n0piVMco"
    },
	{
        "owningId": "Xe9q79ZLNu",
        "relatedId": "w0N1ij2ehF"
    },
	{
        "owningId": "Xe9q79ZLNu",
        "relatedId": "BZAIw22UuL"
    },
	{
        "owningId": "Xe9q79ZLNu",
        "relatedId": "LXaZVKcPDj"
    },
	{
        "owningId": "LXaZVKcPDj",
        "relatedId": "AfLznyHmEc"
    },
	{
        "owningId": "LXaZVKcPDj",
        "relatedId": "vA8gNAW0md"
    },
	{
        "owningId": "LXaZVKcPDj",
        "relatedId": "hxRLRO9ROg"
    },
	{
        "owningId": "LXaZVKcPDj",
        "relatedId": "MypIxdtzk4"
    },
	{
        "owningId": "AGs0Rq4VMy",
        "relatedId": "BZAIw22UuL"
    },
	{
        "owningId": "WyttQtAdVN",
        "relatedId": "BZAIw22UuL"
    },
	{
        "owningId": "jTbvYPoRig",
        "relatedId": "BZAIw22UuL"
    },
	{
        "owningId": "sn43AhOb9K",
        "relatedId": "BZAIw22UuL"
    },
	{
        "owningId": "AGs0Rq4VMy",
        "relatedId": "sn43AhOb9K"
    },
	{
        "owningId": "WyttQtAdVN",
        "relatedId": "sn43AhOb9K"
    },
	{
        "owningId": "jTbvYPoRig",
        "relatedId": "sn43AhOb9K"
    },
	{
        "owningId": "WyttQtAdVN",
        "relatedId": "AGs0Rq4VMy"
    },
	{
        "owningId": "Mupoe4Z10T",
        "relatedId": "LXaZVKcPDj"
    },
	{
        "owningId": "PYDFgxWKOf",
        "relatedId": "LXaZVKcPDj"
    },
	{
        "owningId": "MypIxdtzk4",
        "relatedId": "LXaZVKcPDj"
    },
	{
        "owningId": "fAXQawS7XT",
        "relatedId": "LXaZVKcPDj"
    },
	{
        "owningId": "Xe9q79ZLNu",
        "relatedId": "E14B1ksCLb"
    },
	{
        "owningId": "E14B1ksCLb",
        "relatedId": "Xe9q79ZLNu"
    },
	{
        "owningId": "7PrFTnmbQp",
        "relatedId": "E14B1ksCLb"
    },
	{
        "owningId": "LXaZVKcPDj",
        "relatedId": "E14B1ksCLb"
    },
	{
        "owningId": "E14B1ksCLb",
        "relatedId": "7PrFTnmbQp"
    },
	{
        "owningId": "LXaZVKcPDj",
        "relatedId": "7PrFTnmbQp"
    },
	{
        "owningId": "sn43AhOb9K",
        "relatedId": "AGs0Rq4VMy"
    },
	{
        "owningId": "jTbvYPoRig",
        "relatedId": "AGs0Rq4VMy"
    },
	{
        "owningId": "n4HDDLou0P",
        "relatedId": "xhKX8IZnSh"
    },
	{
        "owningId": "xhKX8IZnSh",
        "relatedId": "n4HDDLou0P"
    },
	{
        "owningId": "n4HDDLou0P",
        "relatedId": "nsXv71qKkA"
    },
	{
        "owningId": "SbECD1lfFd",
        "relatedId": "nsXv71qKkA"
    },
	{
        "owningId": "WzEroymUQm",
        "relatedId": "nsXv71qKkA"
    },
	{
        "owningId": "0tDn3EhrnE",
        "relatedId": "nsXv71qKkA"
    },
	{
        "owningId": "nsXv71qKkA",
        "relatedId": "SbECD1lfFd"
    },
	{
        "owningId": "n4HDDLou0P",
        "relatedId": "SbECD1lfFd"
    },
	{
        "owningId": "gyFLXCTms2",
        "relatedId": "nsXv71qKkA"
    },
	{
        "owningId": "AGs0Rq4VMy",
        "relatedId": "nsXv71qKkA"
    },
	{
        "owningId": "AGs0Rq4VMy",
        "relatedId": "gyFLXCTms2"
    },
	{
        "owningId": "nsXv71qKkA",
        "relatedId": "gyFLXCTms2"
    }
] }