{ "results": [
	{
        "owningId": "w0N1ij2ehF",
        "relatedId": "EmIxAchzXf"
    },
	{
        "owningId": "TcEY3vdDG2",
        "relatedId": "fAXQawS7XT"
    },
	{
        "owningId": "BZAIw22UuL",
        "relatedId": "fAXQawS7XT"
    },
	{
        "owningId": "E14B1ksCLb",
        "relatedId": "4n389cCrrT"
    },
	{
        "owningId": "E14B1ksCLb",
        "relatedId": "7PrFTnmbQp"
    },
	{
        "owningId": "uXo8s9EiZD",
        "relatedId": "7PrFTnmbQp"
    },
	{
        "owningId": "xhKX8IZnSh",
        "relatedId": "DyOhQd2KD0"
    }
] }