{ "results": [
	{
        "owningId": "w0N1ij2ehF",
        "relatedId": "BZAIw22UuL"
    },
	{
        "owningId": "w0N1ij2ehF",
        "relatedId": "Xe9q79ZLNu"
    },
	{
        "owningId": "BZAIw22UuL",
        "relatedId": "Xe9q79ZLNu"
    },
	{
        "owningId": "Xe9q79ZLNu",
        "relatedId": "BZAIw22UuL"
    },
	{
        "owningId": "1koHD8kK3S",
        "relatedId": "kBV97IrWd7"
    },
	{
        "owningId": "1koHD8kK3S",
        "relatedId": "34n0piVMco"
    },
	{
        "owningId": "LXaZVKcPDj",
        "relatedId": "BZAIw22UuL"
    },
	{
        "owningId": "LXaZVKcPDj",
        "relatedId": "Xe9q79ZLNu"
    },
	{
        "owningId": "BZAIw22UuL",
        "relatedId": "WyttQtAdVN"
    },
	{
        "owningId": "BZAIw22UuL",
        "relatedId": "sn43AhOb9K"
    },
	{
        "owningId": "BZAIw22UuL",
        "relatedId": "AGs0Rq4VMy"
    },
	{
        "owningId": "BZAIw22UuL",
        "relatedId": "jTbvYPoRig"
    },
	{
        "owningId": "sn43AhOb9K",
        "relatedId": "BZAIw22UuL"
    },
	{
        "owningId": "sn43AhOb9K",
        "relatedId": "WyttQtAdVN"
    },
	{
        "owningId": "sn43AhOb9K",
        "relatedId": "AGs0Rq4VMy"
    },
	{
        "owningId": "sn43AhOb9K",
        "relatedId": "jTbvYPoRig"
    },
	{
        "owningId": "AGs0Rq4VMy",
        "relatedId": "BZAIw22UuL"
    },
	{
        "owningId": "AGs0Rq4VMy",
        "relatedId": "WyttQtAdVN"
    },
	{
        "owningId": "LXaZVKcPDj",
        "relatedId": "Mupoe4Z10T"
    },
	{
        "owningId": "LXaZVKcPDj",
        "relatedId": "MypIxdtzk4"
    },
	{
        "owningId": "LXaZVKcPDj",
        "relatedId": "PYDFgxWKOf"
    },
	{
        "owningId": "LXaZVKcPDj",
        "relatedId": "fAXQawS7XT"
    },
	{
        "owningId": "E14B1ksCLb",
        "relatedId": "Xe9q79ZLNu"
    },
	{
        "owningId": "Xe9q79ZLNu",
        "relatedId": "E14B1ksCLb"
    },
	{
        "owningId": "E14B1ksCLb",
        "relatedId": "7PrFTnmbQp"
    },
	{
        "owningId": "E14B1ksCLb",
        "relatedId": "LXaZVKcPDj"
    },
	{
        "owningId": "7PrFTnmbQp",
        "relatedId": "E14B1ksCLb"
    },
	{
        "owningId": "7PrFTnmbQp",
        "relatedId": "LXaZVKcPDj"
    },
	{
        "owningId": "AGs0Rq4VMy",
        "relatedId": "sn43AhOb9K"
    },
	{
        "owningId": "AGs0Rq4VMy",
        "relatedId": "jTbvYPoRig"
    },
	{
        "owningId": "xhKX8IZnSh",
        "relatedId": "n4HDDLou0P"
    },
	{
        "owningId": "n4HDDLou0P",
        "relatedId": "xhKX8IZnSh"
    },
	{
        "owningId": "nsXv71qKkA",
        "relatedId": "n4HDDLou0P"
    },
	{
        "owningId": "nsXv71qKkA",
        "relatedId": "SbECD1lfFd"
    },
	{
        "owningId": "nsXv71qKkA",
        "relatedId": "WzEroymUQm"
    },
	{
        "owningId": "nsXv71qKkA",
        "relatedId": "0tDn3EhrnE"
    },
	{
        "owningId": "SbECD1lfFd",
        "relatedId": "nsXv71qKkA"
    },
	{
        "owningId": "SbECD1lfFd",
        "relatedId": "n4HDDLou0P"
    },
	{
        "owningId": "nsXv71qKkA",
        "relatedId": "AGs0Rq4VMy"
    },
	{
        "owningId": "nsXv71qKkA",
        "relatedId": "gyFLXCTms2"
    },
	{
        "owningId": "gyFLXCTms2",
        "relatedId": "AGs0Rq4VMy"
    },
	{
        "owningId": "gyFLXCTms2",
        "relatedId": "nsXv71qKkA"
    }
] }