{ "results": [
	{
        "owningId": "B0Wvs1aNYE",
        "relatedId": "1uocOcePmU"
    },
	{
        "owningId": "B0Wvs1aNYE",
        "relatedId": "LXaZVKcPDj"
    },
	{
        "owningId": "7EInbVRVza",
        "relatedId": "LXaZVKcPDj"
    },
	{
        "owningId": "TJ4s8bLNiE",
        "relatedId": "w0N1ij2ehF"
    },
	{
        "owningId": "B0Wvs1aNYE",
        "relatedId": "Mupoe4Z10T"
    },
	{
        "owningId": "aR3gsCPAnY",
        "relatedId": "flfkHTcPg5"
    },
	{
        "owningId": "t1tN6289Vp",
        "relatedId": "flfkHTcPg5"
    },
	{
        "owningId": "aR3gsCPAnY",
        "relatedId": "AfLznyHmEc"
    },
	{
        "owningId": "aR3gsCPAnY",
        "relatedId": "Vn1mNoBEH2"
    },
	{
        "owningId": "TF5JT4PBfY",
        "relatedId": "Vn1mNoBEH2"
    },
	{
        "owningId": "RK4awuc8X4",
        "relatedId": "XZ4WdfhUl9"
    },
	{
        "owningId": "lyO7o2RzKE",
        "relatedId": "EhaDVNOXLe"
    },
	{
        "owningId": "2EQROOPqPP",
        "relatedId": "PYDFgxWKOf"
    },
	{
        "owningId": "53oaSKq8oU",
        "relatedId": "fAXQawS7XT"
    },
	{
        "owningId": "gPvLp9zGvk",
        "relatedId": "ScS9DbzPeT"
    },
	{
        "owningId": "HnCIcywBPe",
        "relatedId": "Dpi84mGOYR"
    },
	{
        "owningId": "2ya7Yy3Qxn",
        "relatedId": "VeKyWghYpj"
    },
	{
        "owningId": "tVfEYhKcQQ",
        "relatedId": "JpBs9I6LI9"
    },
	{
        "owningId": "JmiJQeoNQs",
        "relatedId": "XZ4WdfhUl9"
    },
	{
        "owningId": "lEMgA1gRuL",
        "relatedId": "iNNyLzcMeg"
    },
	{
        "owningId": "S7IAK9uBSw",
        "relatedId": "C8BCiuOBVO"
    },
	{
        "owningId": "JKEvMOTnUt",
        "relatedId": "C8BCiuOBVO"
    },
	{
        "owningId": "jHrJ2dKH5k",
        "relatedId": "I9rk47Ron9"
    },
	{
        "owningId": "v5xwi1Mtw3",
        "relatedId": "QF0CkjxwCi"
    },
	{
        "owningId": "kCcK5xMIna",
        "relatedId": "BBIHJtLdZH"
    },
	{
        "owningId": "Ad1L2uCqDW",
        "relatedId": "hyaQ87YaCI"
    },
	{
        "owningId": "Ti2rCK9xKO",
        "relatedId": "dXocXSYldS"
    },
	{
        "owningId": "U4kUkd49yu",
        "relatedId": "7LhkgG1IUH"
    },
	{
        "owningId": "7uuyUstTdJ",
        "relatedId": "fwsfl9GKnq"
    },
	{
        "owningId": "V5lGT25SZS",
        "relatedId": "KA66AJkdI0"
    },
	{
        "owningId": "NgWUfS6cJT",
        "relatedId": "BZAIw22UuL"
    },
	{
        "owningId": "2wDZ3G3smh",
        "relatedId": "lDQQHPYF0U"
    },
	{
        "owningId": "gUMvMCHjDN",
        "relatedId": "gFxYmRKoxY"
    },
	{
        "owningId": "PPIg0IUyEj",
        "relatedId": "KUy46oxHnh"
    },
	{
        "owningId": "xRXu6YJrHc",
        "relatedId": "H6s3JXbfar"
    },
	{
        "owningId": "9UmvhqKU5J",
        "relatedId": "kqGxTAIQqM"
    },
	{
        "owningId": "kuyLOQUdJm",
        "relatedId": "mlylOmH9s7"
    },
	{
        "owningId": "GzNYOHeIBq",
        "relatedId": "1iUVOUVUe9"
    },
	{
        "owningId": "eCUlZFcqbP",
        "relatedId": "jFrr9xo9Ye"
    },
	{
        "owningId": "9xyD4JyqiG",
        "relatedId": "WsZffxgoXd"
    },
	{
        "owningId": "B0Wvs1aNYE",
        "relatedId": "gkvKfoncPZ"
    },
	{
        "owningId": "VxM8TDuQq7",
        "relatedId": "WlzxgxCG24"
    },
	{
        "owningId": "B0Wvs1aNYE",
        "relatedId": "TwE73vDGhI"
    },
	{
        "owningId": "y7JEuEKuIf",
        "relatedId": "cZBcDAqr4Y"
    },
	{
        "owningId": "B0Wvs1aNYE",
        "relatedId": "JBtgHaWiOY"
    },
	{
        "owningId": "o8W6n9osKi",
        "relatedId": "lg2ThE8gLr"
    },
	{
        "owningId": "Ar6ZBuPNep",
        "relatedId": "gsGcaOGopa"
    },
	{
        "owningId": "75MVOmGDgS",
        "relatedId": "gsGcaOGopa"
    },
	{
        "owningId": "TaH55m5W5m",
        "relatedId": "q4tkkm2NdL"
    },
	{
        "owningId": "7yhbeL11E1",
        "relatedId": "q4tkkm2NdL"
    },
	{
        "owningId": "ep5W14HUPN",
        "relatedId": "DLrBgV0rOC"
    },
	{
        "owningId": "KnkJBu5kXy",
        "relatedId": "vA8gNAW0md"
    },
	{
        "owningId": "NzNPs7w9oS",
        "relatedId": "vVwCpVeobf"
    },
	{
        "owningId": "n8QRev6BVf",
        "relatedId": "iJ8qHegC4F"
    },
	{
        "owningId": "P4wlcg6qZe",
        "relatedId": "11tVRfVdlo"
    },
	{
        "owningId": "3XIG7ATlXu",
        "relatedId": "Lhc9nJwZfT"
    },
	{
        "owningId": "RtmTbxvZTk",
        "relatedId": "TJeH9ZULz7"
    },
	{
        "owningId": "tS0ezTNYuv",
        "relatedId": "xNPHBcezpE"
    },
	{
        "owningId": "maMuOb0STa",
        "relatedId": "lgELPmjQ8V"
    },
	{
        "owningId": "C2NEtKN6An",
        "relatedId": "3u4B1DJCvL"
    },
	{
        "owningId": "jGLkRRQPsQ",
        "relatedId": "2noGSKDs5Z"
    },
	{
        "owningId": "Lg5QRikn0M",
        "relatedId": "yYJeupSPpD"
    },
	{
        "owningId": "7xcj0dO7A4",
        "relatedId": "9xjg53KZE9"
    },
	{
        "owningId": "CR2VjqpqFy",
        "relatedId": "0erPhWzU5z"
    },
	{
        "owningId": "yXWz5uNo6q",
        "relatedId": "0erPhWzU5z"
    },
	{
        "owningId": "T51JTzoxgk",
        "relatedId": "8CD5BdEFn0"
    },
	{
        "owningId": "efbQNa78OZ",
        "relatedId": "VMJsQ0dVnd"
    },
	{
        "owningId": "ZLmlSuM9x2",
        "relatedId": "Ryh8tKGRim"
    },
	{
        "owningId": "us8j1gJ2tA",
        "relatedId": "8gkXc1Wfh1"
    },
	{
        "owningId": "6JJnsu3dZ0",
        "relatedId": "QjunWUuVcx"
    },
	{
        "owningId": "YApDizcTkL",
        "relatedId": "rGUCBV1gw8"
    },
	{
        "owningId": "XMotyEjFlL",
        "relatedId": "o1hJe1dofo"
    },
	{
        "owningId": "KUBfehSPsJ",
        "relatedId": "o1hJe1dofo"
    },
	{
        "owningId": "grWvFBjsMc",
        "relatedId": "rGUCBV1gw8"
    },
	{
        "owningId": "B0Wvs1aNYE",
        "relatedId": "AvI1A41otw"
    },
	{
        "owningId": "pKL8Y0v0AX",
        "relatedId": "AvI1A41otw"
    },
	{
        "owningId": "J0mwM7QP6e",
        "relatedId": "9c6kShSiTw"
    },
	{
        "owningId": "X2LKvjNKfP",
        "relatedId": "rY560yR3Pk"
    },
	{
        "owningId": "tS0ezTNYuv",
        "relatedId": "2MwHfwATX6"
    },
	{
        "owningId": "bxThbiTCJO",
        "relatedId": "DcCeeM2Zi8"
    },
	{
        "owningId": "7EInbVRVza",
        "relatedId": "Mupoe4Z10T"
    },
	{
        "owningId": "nNG6Ea7dNW",
        "relatedId": "2MwHfwATX6"
    },
	{
        "owningId": "7EInbVRVza",
        "relatedId": "SWT9BpnYpB"
    },
	{
        "owningId": "1OVbzJ3gah",
        "relatedId": "fAXQawS7XT"
    },
	{
        "owningId": "fvsnprVhj1",
        "relatedId": "wdxvYOhQOy"
    },
	{
        "owningId": "Hu1zOVcA31",
        "relatedId": "UOzd8lbkhY"
    },
	{
        "owningId": "WvQeTnuS32",
        "relatedId": "HJdTwlN1rw"
    },
	{
        "owningId": "Z0VJVlJIzR",
        "relatedId": "btybkjMLn4"
    },
	{
        "owningId": "qMmctqKEAh",
        "relatedId": "HJdTwlN1rw"
    },
	{
        "owningId": "otSI2vnlaf",
        "relatedId": "lujY09GOT7"
    },
	{
        "owningId": "lEaxT0aVIF",
        "relatedId": "pWkmJyVG24"
    },
	{
        "owningId": "8bhsRwAa7U",
        "relatedId": "5DUYxOgSKs"
    },
	{
        "owningId": "kFqdUn2x5L",
        "relatedId": "DMIQ7bC5Ua"
    },
	{
        "owningId": "J50kcdAER0",
        "relatedId": "JoXBOfBewG"
    },
	{
        "owningId": "f2d2GILFm5",
        "relatedId": "RPautCaHqJ"
    },
	{
        "owningId": "JkoUf8wPcc",
        "relatedId": "l3M6Nj6Owm"
    },
	{
        "owningId": "QDFTAPx3TD",
        "relatedId": "MypIxdtzk4"
    },
	{
        "owningId": "7EInbVRVza",
        "relatedId": "Cl1YfaLCER"
    },
	{
        "owningId": "T51JTzoxgk",
        "relatedId": "LXaZVKcPDj"
    },
	{
        "owningId": "7EInbVRVza",
        "relatedId": "utxqYjMhg5"
    },
	{
        "owningId": "T51JTzoxgk",
        "relatedId": "aUfKxfsITP"
    },
	{
        "owningId": "jCDvm99qfv",
        "relatedId": "Hy6zO0Lv9j"
    },
	{
        "owningId": "OirrBpOTl1",
        "relatedId": "YHrpZ9Ahqg"
    },
	{
        "owningId": "1sI5dLiO7A",
        "relatedId": "AGs0Rq4VMy"
    },
	{
        "owningId": "VGXdkfPia4",
        "relatedId": "72GnJW8Xz4"
    },
	{
        "owningId": "5wlOSS6f2p",
        "relatedId": "ue48J6U3w8"
    },
	{
        "owningId": "qA0V1Ib9Mp",
        "relatedId": "6SbNvD2Z2o"
    },
	{
        "owningId": "NBeU2jRfIR",
        "relatedId": "pWkmJyVG24"
    },
	{
        "owningId": "ic2pnEuaqV",
        "relatedId": "6SbNvD2Z2o"
    },
	{
        "owningId": "B0Wvs1aNYE",
        "relatedId": "Th9j6KHviG"
    },
	{
        "owningId": "5wlOSS6f2p",
        "relatedId": "diXhTNpjU9"
    },
	{
        "owningId": "B0Wvs1aNYE",
        "relatedId": "7K6qT2ENH8"
    },
	{
        "owningId": "preIt8RoCo",
        "relatedId": "ZOesss7DGi"
    },
	{
        "owningId": "preIt8RoCo",
        "relatedId": "IpCwzPHeJT"
    },
	{
        "owningId": "B0Wvs1aNYE",
        "relatedId": "jPzaSO3SVs"
    },
	{
        "owningId": "1OVbzJ3gah",
        "relatedId": "0igw8bhYB5"
    },
	{
        "owningId": "1OVbzJ3gah",
        "relatedId": "MHmBsqRA9Q"
    },
	{
        "owningId": "InxAqx8KxZ",
        "relatedId": "SwGoihTlGq"
    },
	{
        "owningId": "FYZLm0XEDX",
        "relatedId": "u1jhXleUWh"
    },
	{
        "owningId": "wJgjFT4Cka",
        "relatedId": "RpL5oOnbym"
    },
	{
        "owningId": "FxxB6Rl7KW",
        "relatedId": "r5QzXX9lOD"
    },
	{
        "owningId": "DwuBXPCbpc",
        "relatedId": "ODSZkGJnpt"
    },
	{
        "owningId": "iOOOWqTFgG",
        "relatedId": "orhkAwWjHv"
    },
	{
        "owningId": "1OVbzJ3gah",
        "relatedId": "5ikve06s1O"
    },
	{
        "owningId": "RsflIXnG1s",
        "relatedId": "qWHey9Y1CR"
    },
	{
        "owningId": "B0Wvs1aNYE",
        "relatedId": "SlA7b9V16N"
    },
	{
        "owningId": "Wkr7kVQzZz",
        "relatedId": "r1qMZypPWV"
    },
	{
        "owningId": "7Mfqetsqnw",
        "relatedId": "cbEJAD5bZF"
    },
	{
        "owningId": "m6nt8z2WFv",
        "relatedId": "QHvpZwwrab"
    },
	{
        "owningId": "DTaFqBrGDc",
        "relatedId": "F568iJVBfN"
    },
	{
        "owningId": "B0Wvs1aNYE",
        "relatedId": "YS8tiH0C61"
    },
	{
        "owningId": "HpMubi4qNa",
        "relatedId": "43fwScKRzf"
    },
	{
        "owningId": "B0Wvs1aNYE",
        "relatedId": "a9RpddVqWg"
    },
	{
        "owningId": "B0Wvs1aNYE",
        "relatedId": "0NheGXDpRg"
    },
	{
        "owningId": "alJS4o72uV",
        "relatedId": "B0ljqLMx3v"
    },
	{
        "owningId": "B0Wvs1aNYE",
        "relatedId": "EwSGcRiSMO"
    },
	{
        "owningId": "Ad1L2uCqDW",
        "relatedId": "zLvBc1wkCG"
    },
	{
        "owningId": "SzXvDBXZvg",
        "relatedId": "CnyAFK00Ks"
    },
	{
        "owningId": "T5ssJjUmjM",
        "relatedId": "HXjFB7KZmj"
    },
	{
        "owningId": "PJd2wAQuWY",
        "relatedId": "p56EvecUKW"
    },
	{
        "owningId": "TFf965OS2H",
        "relatedId": "RxKajQcq47"
    },
	{
        "owningId": "HTJh9HYkny",
        "relatedId": "2QNO5u8gxV"
    },
	{
        "owningId": "odCDVZWHDO",
        "relatedId": "aJQfSo5Zsc"
    },
	{
        "owningId": "B0Wvs1aNYE",
        "relatedId": "z6v2FK3VQa"
    },
	{
        "owningId": "B0Wvs1aNYE",
        "relatedId": "v4UgFNHVZX"
    },
	{
        "owningId": "pTP19pSa6F",
        "relatedId": "JzxZRAuf0F"
    },
	{
        "owningId": "1OVbzJ3gah",
        "relatedId": "LFMiJvx6T6"
    },
	{
        "owningId": "1Y3681rx9k",
        "relatedId": "HeDKRnNa8N"
    },
	{
        "owningId": "HvIvXiDIdv",
        "relatedId": "m90B5SREQr"
    },
	{
        "owningId": "XMkaakOSOS",
        "relatedId": "hFlrNxcfs6"
    },
	{
        "owningId": "JkoUf8wPcc",
        "relatedId": "nsXv71qKkA"
    },
	{
        "owningId": "Jg4SiTinYi",
        "relatedId": "aOcG7pNiK1"
    },
	{
        "owningId": "B0Wvs1aNYE",
        "relatedId": "PPvsjV3lM4"
    },
	{
        "owningId": "RxtRSJRyHG",
        "relatedId": "1fkZbaovVZ"
    },
	{
        "owningId": "MtQwGylb7X",
        "relatedId": "n55NzuH5Fi"
    },
	{
        "owningId": "B0Wvs1aNYE",
        "relatedId": "UNgNibE0MJ"
    },
	{
        "owningId": "lKKA9hfRCQ",
        "relatedId": "9WHrNj9y6k"
    },
	{
        "owningId": "JaN3kdssn9",
        "relatedId": "BNXjNYTtgJ"
    },
	{
        "owningId": "y7JEuEKuIf",
        "relatedId": "IaqAUTUMDQ"
    },
	{
        "owningId": "d7h1GQmtuj",
        "relatedId": "Qg8sy0B8Wu"
    },
	{
        "owningId": "NBeU2jRfIR",
        "relatedId": "IXm3ffkc1M"
    },
	{
        "owningId": "B0Wvs1aNYE",
        "relatedId": "yyYIWkLCKG"
    },
	{
        "owningId": "9B0swvaA1P",
        "relatedId": "scjqh1xFsB"
    },
	{
        "owningId": "T51JTzoxgk",
        "relatedId": "o1hJe1dofo"
    },
	{
        "owningId": "SWAY30zCk4",
        "relatedId": "BdZIPvGgn7"
    },
	{
        "owningId": "dnG5KN5Wx6",
        "relatedId": "ubL1seg6hx"
    },
	{
        "owningId": "Dlx5fKhUE3",
        "relatedId": "gyFLXCTms2"
    },
	{
        "owningId": "kAeB5FjYSZ",
        "relatedId": "7MHOiQ4j1q"
    },
	{
        "owningId": "6ytfPscisK",
        "relatedId": "nsXv71qKkA"
    },
	{
        "owningId": "B0Wvs1aNYE",
        "relatedId": "EmIxAchzXf"
    },
	{
        "owningId": "tFLv5A24zw",
        "relatedId": "5qE85OOYHr"
    },
	{
        "owningId": "umPIup0kPL",
        "relatedId": "Qg8sy0B8Wu"
    },
	{
        "owningId": "JkoUf8wPcc",
        "relatedId": "5qE85OOYHr"
    },
	{
        "owningId": "Bk6BoCwlan",
        "relatedId": "r9pklNoEE9"
    },
	{
        "owningId": "KqDTzH5k9b",
        "relatedId": "wR1yKbMH7f"
    },
	{
        "owningId": "Tng5UPpCVF",
        "relatedId": "o1hJe1dofo"
    },
	{
        "owningId": "FYZLm0XEDX",
        "relatedId": "6e1KBJjAJO"
    },
	{
        "owningId": "NBeU2jRfIR",
        "relatedId": "p9wdPyVD9H"
    },
	{
        "owningId": "enBFo4Z1gS",
        "relatedId": "IngFtqjgDR"
    }
] }