{ "results": [
	{
        "owningId": "Mupoe4Z10T",
        "relatedId": "LXaZVKcPDj"
    },
	{
        "owningId": "Xe9q79ZLNu",
        "relatedId": "E14B1ksCLb"
    },
	{
        "owningId": "LXaZVKcPDj",
        "relatedId": "Mupoe4Z10T"
    },
	{
        "owningId": "MypIxdtzk4",
        "relatedId": "LXaZVKcPDj"
    },
	{
        "owningId": "Mupoe4Z10T",
        "relatedId": "AFDI70GtNk"
    },
	{
        "owningId": "AFDI70GtNk",
        "relatedId": "Mupoe4Z10T"
    },
	{
        "owningId": "Mupoe4Z10T",
        "relatedId": "Cl1YfaLCER"
    },
	{
        "owningId": "fAXQawS7XT",
        "relatedId": "EEL1C3I2bn"
    },
	{
        "owningId": "7PrFTnmbQp",
        "relatedId": "LXaZVKcPDj"
    },
	{
        "owningId": "1uocOcePmU",
        "relatedId": "Mupoe4Z10T"
    },
	{
        "owningId": "HvyQm7MfK9",
        "relatedId": "xhKX8IZnSh"
    },
	{
        "owningId": "fAXQawS7XT",
        "relatedId": "xhKX8IZnSh"
    },
	{
        "owningId": "AGs0Rq4VMy",
        "relatedId": "xhKX8IZnSh"
    },
	{
        "owningId": "WyttQtAdVN",
        "relatedId": "xhKX8IZnSh"
    },
	{
        "owningId": "BFQUhgABpG",
        "relatedId": "xhKX8IZnSh"
    },
	{
        "owningId": "OWmYi7pxVX",
        "relatedId": "xhKX8IZnSh"
    },
	{
        "owningId": "7K6qT2ENH8",
        "relatedId": "Th9j6KHviG"
    },
	{
        "owningId": "Th9j6KHviG",
        "relatedId": "7K6qT2ENH8"
    },
	{
        "owningId": "xhKX8IZnSh",
        "relatedId": "7K6qT2ENH8"
    },
	{
        "owningId": "7K6qT2ENH8",
        "relatedId": "xhKX8IZnSh"
    },
	{
        "owningId": "Th9j6KHviG",
        "relatedId": "xhKX8IZnSh"
    },
	{
        "owningId": "jTbvYPoRig",
        "relatedId": "xhKX8IZnSh"
    },
	{
        "owningId": "Mupoe4Z10T",
        "relatedId": "r5QzXX9lOD"
    },
	{
        "owningId": "r5QzXX9lOD",
        "relatedId": "Mupoe4Z10T"
    },
	{
        "owningId": "xhKX8IZnSh",
        "relatedId": "0tDn3EhrnE"
    },
	{
        "owningId": "nsXv71qKkA",
        "relatedId": "0tDn3EhrnE"
    },
	{
        "owningId": "f8lSPaIHaz",
        "relatedId": "0tDn3EhrnE"
    },
	{
        "owningId": "RONE8F26am",
        "relatedId": "0tDn3EhrnE"
    },
	{
        "owningId": "RXAKxrRcCh",
        "relatedId": "0tDn3EhrnE"
    },
	{
        "owningId": "OWmYi7pxVX",
        "relatedId": "0tDn3EhrnE"
    },
	{
        "owningId": "FMjFCu9Kus",
        "relatedId": "0tDn3EhrnE"
    },
	{
        "owningId": "sSjMVMlTqQ",
        "relatedId": "0tDn3EhrnE"
    },
	{
        "owningId": "Bolm2GKMsA",
        "relatedId": "0tDn3EhrnE"
    },
	{
        "owningId": "MZ0PxOKQRG",
        "relatedId": "0tDn3EhrnE"
    },
	{
        "owningId": "MypIxdtzk4",
        "relatedId": "nsXv71qKkA"
    },
	{
        "owningId": "fAXQawS7XT",
        "relatedId": "nsXv71qKkA"
    },
	{
        "owningId": "nsXv71qKkA",
        "relatedId": "7K6qT2ENH8"
    },
	{
        "owningId": "gyFLXCTms2",
        "relatedId": "nsXv71qKkA"
    }
] }