{ "results": [
	{
        "owningId": "AfLznyHmEc",
        "relatedId": "LXaZVKcPDj"
    },
	{
        "owningId": "4n389cCrrT",
        "relatedId": "E14B1ksCLb"
    },
	{
        "owningId": "7PrFTnmbQp",
        "relatedId": "E14B1ksCLb"
    },
	{
        "owningId": "MypIxdtzk4",
        "relatedId": "LXaZVKcPDj"
    },
	{
        "owningId": "hxRLRO9ROg",
        "relatedId": "LXaZVKcPDj"
    },
	{
        "owningId": "DaS8aAuYBE",
        "relatedId": "LXaZVKcPDj"
    },
	{
        "owningId": "7PrFTnmbQp",
        "relatedId": "uXo8s9EiZD"
    },
	{
        "owningId": "DyOhQd2KD0",
        "relatedId": "xhKX8IZnSh"
    },
	{
        "owningId": "xhKX8IZnSh",
        "relatedId": "r5QzXX9lOD"
    }
] }