{ "results": [
	{
        "owningId": "kBV97IrWd7",
        "relatedId": "5QJfgdzYbv"
    },
	{
        "owningId": "34n0piVMco",
        "relatedId": "5QJfgdzYbv"
    },
	{
        "owningId": "kBV97IrWd7",
        "relatedId": "pE5pO6iT7B"
    },
	{
        "owningId": "w0N1ij2ehF",
        "relatedId": "GrIJQWnOSo"
    },
	{
        "owningId": "w0N1ij2ehF",
        "relatedId": "YmVkwpB7Pj"
    },
	{
        "owningId": "34n0piVMco",
        "relatedId": "5nAKqiD4vX"
    },
	{
        "owningId": "kBV97IrWd7",
        "relatedId": "5nAKqiD4vX"
    },
	{
        "owningId": "kBV97IrWd7",
        "relatedId": "p7AZFxS0LT"
    },
	{
        "owningId": "kBV97IrWd7",
        "relatedId": "t8Ytcy8b58"
    },
	{
        "owningId": "34n0piVMco",
        "relatedId": "p7AZFxS0LT"
    },
	{
        "owningId": "kBV97IrWd7",
        "relatedId": "1Bj0NEpHcb"
    },
	{
        "owningId": "kBV97IrWd7",
        "relatedId": "L9m31wVs0E"
    },
	{
        "owningId": "34n0piVMco",
        "relatedId": "1Bj0NEpHcb"
    },
	{
        "owningId": "34n0piVMco",
        "relatedId": "L9m31wVs0E"
    },
	{
        "owningId": "TcEY3vdDG2",
        "relatedId": "AXSoTKwhHV"
    },
	{
        "owningId": "TcEY3vdDG2",
        "relatedId": "sQjuvaq7hV"
    },
	{
        "owningId": "fAXQawS7XT",
        "relatedId": "9za7sq0jKd"
    },
	{
        "owningId": "BZAIw22UuL",
        "relatedId": "9za7sq0jKd"
    },
	{
        "owningId": "BZAIw22UuL",
        "relatedId": "3DGfHi9nvE"
    },
	{
        "owningId": "Xe9q79ZLNu",
        "relatedId": "3DGfHi9nvE"
    },
	{
        "owningId": "Xe9q79ZLNu",
        "relatedId": "v1W9NJTSW2"
    },
	{
        "owningId": "BZAIw22UuL",
        "relatedId": "v1W9NJTSW2"
    },
	{
        "owningId": "BZAIw22UuL",
        "relatedId": "t5fLM9Hhkg"
    },
	{
        "owningId": "Xe9q79ZLNu",
        "relatedId": "t5fLM9Hhkg"
    },
	{
        "owningId": "1koHD8kK3S",
        "relatedId": "L9m31wVs0E"
    },
	{
        "owningId": "BZAIw22UuL",
        "relatedId": "xZGCOnHQOg"
    },
	{
        "owningId": "sn43AhOb9K",
        "relatedId": "xZGCOnHQOg"
    },
	{
        "owningId": "AGs0Rq4VMy",
        "relatedId": "xZGCOnHQOg"
    },
	{
        "owningId": "LXaZVKcPDj",
        "relatedId": "UQvfNST92p"
    },
	{
        "owningId": "Mupoe4Z10T",
        "relatedId": "UQvfNST92p"
    },
	{
        "owningId": "E14B1ksCLb",
        "relatedId": "9tlBQziJXj"
    },
	{
        "owningId": "Xe9q79ZLNu",
        "relatedId": "9tlBQziJXj"
    },
	{
        "owningId": "LXaZVKcPDj",
        "relatedId": "iUmIb01LBO"
    },
	{
        "owningId": "jTbvYPoRig",
        "relatedId": "xZGCOnHQOg"
    },
	{
        "owningId": "LXaZVKcPDj",
        "relatedId": "OIEVJvkFlw"
    },
	{
        "owningId": "E14B1ksCLb",
        "relatedId": "OIEVJvkFlw"
    },
	{
        "owningId": "7PrFTnmbQp",
        "relatedId": "OIEVJvkFlw"
    },
	{
        "owningId": "E14B1ksCLb",
        "relatedId": "ge3jvqi0MZ"
    },
	{
        "owningId": "qMxaiGhhSs",
        "relatedId": "mvMUFLw7Ld"
    },
	{
        "owningId": "WyttQtAdVN",
        "relatedId": "xZGCOnHQOg"
    },
	{
        "owningId": "mNWMDGan4b",
        "relatedId": "ajjzrfLsKW"
    },
	{
        "owningId": "xhKX8IZnSh",
        "relatedId": "ABlQ9G4dsS"
    },
	{
        "owningId": "xhKX8IZnSh",
        "relatedId": "vA64WC2Jme"
    },
	{
        "owningId": "n4HDDLou0P",
        "relatedId": "ABlQ9G4dsS"
    },
	{
        "owningId": "Mupoe4Z10T",
        "relatedId": "vA64WC2Jme"
    },
	{
        "owningId": "Mupoe4Z10T",
        "relatedId": "niOESOuCcU"
    },
	{
        "owningId": "nsXv71qKkA",
        "relatedId": "i1obyiPbiz"
    },
	{
        "owningId": "0tDn3EhrnE",
        "relatedId": "HoKVg98QKb"
    },
	{
        "owningId": "nsXv71qKkA",
        "relatedId": "HoKVg98QKb"
    },
	{
        "owningId": "SbECD1lfFd",
        "relatedId": "i1obyiPbiz"
    },
	{
        "owningId": "nsXv71qKkA",
        "relatedId": "cFjjeNaB0H"
    },
	{
        "owningId": "gyFLXCTms2",
        "relatedId": "cFjjeNaB0H"
    },
	{
        "owningId": "AGs0Rq4VMy",
        "relatedId": "cFjjeNaB0H"
    }
] }