{ "results": [
	{
        "owningId": "w0N1ij2ehF",
        "relatedId": "tFbRxrVU1f"
    },
	{
        "owningId": "kBV97IrWd7",
        "relatedId": "PGQeKXcGjV"
    },
	{
        "owningId": "kBV97IrWd7",
        "relatedId": "MypIxdtzk4"
    },
	{
        "owningId": "kBV97IrWd7",
        "relatedId": "3aGyQgI2FY"
    },
	{
        "owningId": "kBV97IrWd7",
        "relatedId": "fINPDqI516"
    },
	{
        "owningId": "kBV97IrWd7",
        "relatedId": "34n0piVMco"
    },
	{
        "owningId": "flfkHTcPg5",
        "relatedId": "AfLznyHmEc"
    },
	{
        "owningId": "flfkHTcPg5",
        "relatedId": "pSC1X9LxFw"
    },
	{
        "owningId": "AfLznyHmEc",
        "relatedId": "pSC1X9LxFw"
    },
	{
        "owningId": "AfLznyHmEc",
        "relatedId": "flfkHTcPg5"
    },
	{
        "owningId": "LXaZVKcPDj",
        "relatedId": "kBV97IrWd7"
    },
	{
        "owningId": "fAXQawS7XT",
        "relatedId": "TcEY3vdDG2"
    },
	{
        "owningId": "fAXQawS7XT",
        "relatedId": "3aGyQgI2FY"
    },
	{
        "owningId": "fAXQawS7XT",
        "relatedId": "wsmVOuZr6a"
    },
	{
        "owningId": "w0N1ij2ehF",
        "relatedId": "EmIxAchzXf"
    },
	{
        "owningId": "TcEY3vdDG2",
        "relatedId": "fINPDqI516"
    },
	{
        "owningId": "TcEY3vdDG2",
        "relatedId": "3aGyQgI2FY"
    },
	{
        "owningId": "TcEY3vdDG2",
        "relatedId": "DaS8aAuYBE"
    },
	{
        "owningId": "TcEY3vdDG2",
        "relatedId": "MypIxdtzk4"
    },
	{
        "owningId": "TcEY3vdDG2",
        "relatedId": "fAXQawS7XT"
    },
	{
        "owningId": "TcEY3vdDG2",
        "relatedId": "JzxZRAuf0F"
    },
	{
        "owningId": "fAXQawS7XT",
        "relatedId": "BZAIw22UuL"
    },
	{
        "owningId": "w0N1ij2ehF",
        "relatedId": "1uocOcePmU"
    },
	{
        "owningId": "w0N1ij2ehF",
        "relatedId": "LXaZVKcPDj"
    },
	{
        "owningId": "BZAIw22UuL",
        "relatedId": "Xe9q79ZLNu"
    },
	{
        "owningId": "BZAIw22UuL",
        "relatedId": "fAXQawS7XT"
    },
	{
        "owningId": "FMjFCu9Kus",
        "relatedId": "sSjMVMlTqQ"
    },
	{
        "owningId": "sn43AhOb9K",
        "relatedId": "BZAIw22UuL"
    },
	{
        "owningId": "LXaZVKcPDj",
        "relatedId": "DaS8aAuYBE"
    },
	{
        "owningId": "LXaZVKcPDj",
        "relatedId": "hxRLRO9ROg"
    },
	{
        "owningId": "LXaZVKcPDj",
        "relatedId": "vA8gNAW0md"
    },
	{
        "owningId": "miiJNEt6VT",
        "relatedId": "BZAIw22UuL"
    },
	{
        "owningId": "BZAIw22UuL",
        "relatedId": "hKwh3HNPWV"
    },
	{
        "owningId": "BZAIw22UuL",
        "relatedId": "miiJNEt6VT"
    },
	{
        "owningId": "BZAIw22UuL",
        "relatedId": "sn43AhOb9K"
    },
	{
        "owningId": "BZAIw22UuL",
        "relatedId": "WyttQtAdVN"
    },
	{
        "owningId": "BZAIw22UuL",
        "relatedId": "AGs0Rq4VMy"
    },
	{
        "owningId": "BZAIw22UuL",
        "relatedId": "sSjMVMlTqQ"
    },
	{
        "owningId": "BZAIw22UuL",
        "relatedId": "3aGyQgI2FY"
    },
	{
        "owningId": "wQDdBkxGbG",
        "relatedId": "BZAIw22UuL"
    },
	{
        "owningId": "wQDdBkxGbG",
        "relatedId": "fAXQawS7XT"
    },
	{
        "owningId": "wQDdBkxGbG",
        "relatedId": "fINPDqI516"
    },
	{
        "owningId": "wQDdBkxGbG",
        "relatedId": "wsmVOuZr6a"
    },
	{
        "owningId": "fAXQawS7XT",
        "relatedId": "wQDdBkxGbG"
    },
	{
        "owningId": "WyttQtAdVN",
        "relatedId": "BZAIw22UuL"
    },
	{
        "owningId": "sn43AhOb9K",
        "relatedId": "WyttQtAdVN"
    },
	{
        "owningId": "sn43AhOb9K",
        "relatedId": "AGs0Rq4VMy"
    },
	{
        "owningId": "AGs0Rq4VMy",
        "relatedId": "BZAIw22UuL"
    },
	{
        "owningId": "AGs0Rq4VMy",
        "relatedId": "sn43AhOb9K"
    },
	{
        "owningId": "AGs0Rq4VMy",
        "relatedId": "WyttQtAdVN"
    },
	{
        "owningId": "jTbvYPoRig",
        "relatedId": "BZAIw22UuL"
    },
	{
        "owningId": "jTbvYPoRig",
        "relatedId": "WyttQtAdVN"
    },
	{
        "owningId": "jTbvYPoRig",
        "relatedId": "sn43AhOb9K"
    },
	{
        "owningId": "sn43AhOb9K",
        "relatedId": "jTbvYPoRig"
    },
	{
        "owningId": "RONE8F26am",
        "relatedId": "Bolm2GKMsA"
    },
	{
        "owningId": "RONE8F26am",
        "relatedId": "hKwh3HNPWV"
    },
	{
        "owningId": "RONE8F26am",
        "relatedId": "BZAIw22UuL"
    },
	{
        "owningId": "RONE8F26am",
        "relatedId": "3aGyQgI2FY"
    },
	{
        "owningId": "E14B1ksCLb",
        "relatedId": "fAXQawS7XT"
    },
	{
        "owningId": "E14B1ksCLb",
        "relatedId": "RONE8F26am"
    },
	{
        "owningId": "E14B1ksCLb",
        "relatedId": "WyttQtAdVN"
    },
	{
        "owningId": "E14B1ksCLb",
        "relatedId": "sSjMVMlTqQ"
    },
	{
        "owningId": "E14B1ksCLb",
        "relatedId": "1o9UXfP6EO"
    },
	{
        "owningId": "fAXQawS7XT",
        "relatedId": "E14B1ksCLb"
    },
	{
        "owningId": "LXaZVKcPDj",
        "relatedId": "Mupoe4Z10T"
    },
	{
        "owningId": "E14B1ksCLb",
        "relatedId": "Xe9q79ZLNu"
    },
	{
        "owningId": "Mupoe4Z10T",
        "relatedId": "LXaZVKcPDj"
    },
	{
        "owningId": "LXaZVKcPDj",
        "relatedId": "MypIxdtzk4"
    },
	{
        "owningId": "AFDI70GtNk",
        "relatedId": "Mupoe4Z10T"
    },
	{
        "owningId": "Mupoe4Z10T",
        "relatedId": "AFDI70GtNk"
    },
	{
        "owningId": "Cl1YfaLCER",
        "relatedId": "Mupoe4Z10T"
    },
	{
        "owningId": "EEL1C3I2bn",
        "relatedId": "fAXQawS7XT"
    },
	{
        "owningId": "LXaZVKcPDj",
        "relatedId": "7PrFTnmbQp"
    },
	{
        "owningId": "Mupoe4Z10T",
        "relatedId": "1uocOcePmU"
    },
	{
        "owningId": "xhKX8IZnSh",
        "relatedId": "HvyQm7MfK9"
    },
	{
        "owningId": "xhKX8IZnSh",
        "relatedId": "fAXQawS7XT"
    },
	{
        "owningId": "xhKX8IZnSh",
        "relatedId": "AGs0Rq4VMy"
    },
	{
        "owningId": "xhKX8IZnSh",
        "relatedId": "WyttQtAdVN"
    },
	{
        "owningId": "xhKX8IZnSh",
        "relatedId": "BFQUhgABpG"
    },
	{
        "owningId": "xhKX8IZnSh",
        "relatedId": "OWmYi7pxVX"
    },
	{
        "owningId": "Th9j6KHviG",
        "relatedId": "7K6qT2ENH8"
    },
	{
        "owningId": "7K6qT2ENH8",
        "relatedId": "Th9j6KHviG"
    },
	{
        "owningId": "7K6qT2ENH8",
        "relatedId": "xhKX8IZnSh"
    },
	{
        "owningId": "xhKX8IZnSh",
        "relatedId": "7K6qT2ENH8"
    },
	{
        "owningId": "xhKX8IZnSh",
        "relatedId": "Th9j6KHviG"
    },
	{
        "owningId": "xhKX8IZnSh",
        "relatedId": "jTbvYPoRig"
    },
	{
        "owningId": "r5QzXX9lOD",
        "relatedId": "Mupoe4Z10T"
    },
	{
        "owningId": "r5QzXX9lOD",
        "relatedId": "IpCwzPHeJT"
    },
	{
        "owningId": "r5QzXX9lOD",
        "relatedId": "7K6qT2ENH8"
    },
	{
        "owningId": "r5QzXX9lOD",
        "relatedId": "nOuyD1AMDt"
    },
	{
        "owningId": "r5QzXX9lOD",
        "relatedId": "Th9j6KHviG"
    },
	{
        "owningId": "r5QzXX9lOD",
        "relatedId": "6gOPuWfL6G"
    },
	{
        "owningId": "r5QzXX9lOD",
        "relatedId": "u1jhXleUWh"
    },
	{
        "owningId": "r5QzXX9lOD",
        "relatedId": "QnrRbkJDqD"
    },
	{
        "owningId": "r5QzXX9lOD",
        "relatedId": "6SbNvD2Z2o"
    },
	{
        "owningId": "r5QzXX9lOD",
        "relatedId": "0igw8bhYB5"
    },
	{
        "owningId": "r5QzXX9lOD",
        "relatedId": "SwGoihTlGq"
    },
	{
        "owningId": "r5QzXX9lOD",
        "relatedId": "diXhTNpjU9"
    },
	{
        "owningId": "r5QzXX9lOD",
        "relatedId": "ZOesss7DGi"
    },
	{
        "owningId": "r5QzXX9lOD",
        "relatedId": "jPzaSO3SVs"
    },
	{
        "owningId": "r5QzXX9lOD",
        "relatedId": "EhYH9zp4m3"
    },
	{
        "owningId": "r5QzXX9lOD",
        "relatedId": "MHmBsqRA9Q"
    },
	{
        "owningId": "Mupoe4Z10T",
        "relatedId": "r5QzXX9lOD"
    },
	{
        "owningId": "0tDn3EhrnE",
        "relatedId": "xhKX8IZnSh"
    },
	{
        "owningId": "0tDn3EhrnE",
        "relatedId": "nsXv71qKkA"
    },
	{
        "owningId": "0tDn3EhrnE",
        "relatedId": "f8lSPaIHaz"
    },
	{
        "owningId": "0tDn3EhrnE",
        "relatedId": "RONE8F26am"
    },
	{
        "owningId": "0tDn3EhrnE",
        "relatedId": "RXAKxrRcCh"
    },
	{
        "owningId": "0tDn3EhrnE",
        "relatedId": "OWmYi7pxVX"
    },
	{
        "owningId": "0tDn3EhrnE",
        "relatedId": "FMjFCu9Kus"
    },
	{
        "owningId": "0tDn3EhrnE",
        "relatedId": "sSjMVMlTqQ"
    },
	{
        "owningId": "0tDn3EhrnE",
        "relatedId": "Bolm2GKMsA"
    },
	{
        "owningId": "0tDn3EhrnE",
        "relatedId": "MZ0PxOKQRG"
    },
	{
        "owningId": "nsXv71qKkA",
        "relatedId": "MypIxdtzk4"
    },
	{
        "owningId": "nsXv71qKkA",
        "relatedId": "fAXQawS7XT"
    },
	{
        "owningId": "7K6qT2ENH8",
        "relatedId": "nsXv71qKkA"
    },
	{
        "owningId": "nsXv71qKkA",
        "relatedId": "gyFLXCTms2"
    }
] }