{ "results": [
	{
        "owningId": "w0N1ij2ehF",
        "relatedId": "8vJdBEA1b2"
    },
	{
        "owningId": "w0N1ij2ehF",
        "relatedId": "Rh2dptlnqY"
    },
	{
        "owningId": "flfkHTcPg5",
        "relatedId": "JZZX2R0ss9"
    },
	{
        "owningId": "flfkHTcPg5",
        "relatedId": "8vJdBEA1b2"
    },
	{
        "owningId": "AfLznyHmEc",
        "relatedId": "JZZX2R0ss9"
    },
	{
        "owningId": "AfLznyHmEc",
        "relatedId": "AyURUddKP5"
    },
	{
        "owningId": "pSC1X9LxFw",
        "relatedId": "AyURUddKP5"
    },
	{
        "owningId": "pSC1X9LxFw",
        "relatedId": "mvucfdnapX"
    },
	{
        "owningId": "pSC1X9LxFw",
        "relatedId": "iBl883nH6Z"
    },
	{
        "owningId": "flfkHTcPg5",
        "relatedId": "n2r4AToAqB"
    },
	{
        "owningId": "flfkHTcPg5",
        "relatedId": "3J3suDcP3t"
    },
	{
        "owningId": "flfkHTcPg5",
        "relatedId": "eZ57byvVLj"
    },
	{
        "owningId": "flfkHTcPg5",
        "relatedId": "pHLLQARt2B"
    },
	{
        "owningId": "flfkHTcPg5",
        "relatedId": "zikfl8rryA"
    },
	{
        "owningId": "AfLznyHmEc",
        "relatedId": "n2r4AToAqB"
    },
	{
        "owningId": "AfLznyHmEc",
        "relatedId": "3J3suDcP3t"
    },
	{
        "owningId": "AfLznyHmEc",
        "relatedId": "eZ57byvVLj"
    },
	{
        "owningId": "Vn1mNoBEH2",
        "relatedId": "n2r4AToAqB"
    },
	{
        "owningId": "Vn1mNoBEH2",
        "relatedId": "3J3suDcP3t"
    },
	{
        "owningId": "3aGyQgI2FY",
        "relatedId": "Rif3BXviyg"
    },
	{
        "owningId": "34n0piVMco",
        "relatedId": "QY4UjchGWQ"
    },
	{
        "owningId": "fAXQawS7XT",
        "relatedId": "QY4UjchGWQ"
    },
	{
        "owningId": "1uocOcePmU",
        "relatedId": "JZQQ75Ki8X"
    },
	{
        "owningId": "1uocOcePmU",
        "relatedId": "anEp3YbFfI"
    },
	{
        "owningId": "34n0piVMco",
        "relatedId": "AXSoTKwhHV"
    },
	{
        "owningId": "34n0piVMco",
        "relatedId": "sQjuvaq7hV"
    },
	{
        "owningId": "34n0piVMco",
        "relatedId": "mAzqtu6muh"
    },
	{
        "owningId": "TcEY3vdDG2",
        "relatedId": "jDEobaWgtG"
    },
	{
        "owningId": "Ur1FLZ2uDa",
        "relatedId": "cShfPJ0QSZ"
    },
	{
        "owningId": "fAXQawS7XT",
        "relatedId": "XA9Fwk1ALX"
    },
	{
        "owningId": "BZAIw22UuL",
        "relatedId": "sayH7Q6KHh"
    },
	{
        "owningId": "Xe9q79ZLNu",
        "relatedId": "jHvI97siw2"
    },
	{
        "owningId": "fAXQawS7XT",
        "relatedId": "rpMAyPdqKs"
    },
	{
        "owningId": "fAXQawS7XT",
        "relatedId": "VyApZn8kwO"
    },
	{
        "owningId": "Xe9q79ZLNu",
        "relatedId": "fCgfxWTdQH"
    },
	{
        "owningId": "1koHD8kK3S",
        "relatedId": "fCgfxWTdQH"
    },
	{
        "owningId": "BZAIw22UuL",
        "relatedId": "fCgfxWTdQH"
    },
	{
        "owningId": "fAXQawS7XT",
        "relatedId": "pPeJmGtXeN"
    },
	{
        "owningId": "4n389cCrrT",
        "relatedId": "LWD0d1aEfr"
    },
	{
        "owningId": "BZAIw22UuL",
        "relatedId": "LWD0d1aEfr"
    },
	{
        "owningId": "6nlz8oR4OM",
        "relatedId": "fZZgg5WF4K"
    },
	{
        "owningId": "fAXQawS7XT",
        "relatedId": "yEzsIn58OF"
    },
	{
        "owningId": "i3tTtm978X",
        "relatedId": "W6ZruciZ0i"
    },
	{
        "owningId": "fAXQawS7XT",
        "relatedId": "W6ZruciZ0i"
    },
	{
        "owningId": "fAXQawS7XT",
        "relatedId": "Cdq9DPY2h3"
    },
	{
        "owningId": "wQDdBkxGbG",
        "relatedId": "Cdq9DPY2h3"
    },
	{
        "owningId": "fAXQawS7XT",
        "relatedId": "tn4uDpY7pj"
    },
	{
        "owningId": "Mupoe4Z10T",
        "relatedId": "6SsSBbQ78h"
    },
	{
        "owningId": "Mupoe4Z10T",
        "relatedId": "tlk5QVCsWa"
    },
	{
        "owningId": "fAXQawS7XT",
        "relatedId": "geZ8oP4Mhj"
    },
	{
        "owningId": "LXaZVKcPDj",
        "relatedId": "AbD8Z9BMhC"
    },
	{
        "owningId": "Mupoe4Z10T",
        "relatedId": "2tancVsrzE"
    },
	{
        "owningId": "LXaZVKcPDj",
        "relatedId": "YLzoyFjJfL"
    },
	{
        "owningId": "btybkjMLn4",
        "relatedId": "bVApArsHVV"
    },
	{
        "owningId": "pWkmJyVG24",
        "relatedId": "G5JQ1mWz6R"
    },
	{
        "owningId": "Xe9q79ZLNu",
        "relatedId": "mvMUFLw7Ld"
    },
	{
        "owningId": "Xe9q79ZLNu",
        "relatedId": "j1PEzDMpdn"
    },
	{
        "owningId": "fAXQawS7XT",
        "relatedId": "qXJJo2Zx6W"
    },
	{
        "owningId": "fAXQawS7XT",
        "relatedId": "tEVnzEZ5m3"
    },
	{
        "owningId": "fAXQawS7XT",
        "relatedId": "VXGvHOdWE7"
    },
	{
        "owningId": "fAXQawS7XT",
        "relatedId": "0gkHXVMFV0"
    },
	{
        "owningId": "Xe9q79ZLNu",
        "relatedId": "AWgTMwC2Hs"
    },
	{
        "owningId": "E14B1ksCLb",
        "relatedId": "98pb5ErpAl"
    },
	{
        "owningId": "7PrFTnmbQp",
        "relatedId": "AWgTMwC2Hs"
    },
	{
        "owningId": "7PrFTnmbQp",
        "relatedId": "7Do3XOQue4"
    },
	{
        "owningId": "LXaZVKcPDj",
        "relatedId": "nhBytabhWN"
    },
	{
        "owningId": "LXaZVKcPDj",
        "relatedId": "7Do3XOQue4"
    },
	{
        "owningId": "E14B1ksCLb",
        "relatedId": "xc4YfDGKvV"
    },
	{
        "owningId": "fAXQawS7XT",
        "relatedId": "9bSY6eZyWo"
    },
	{
        "owningId": "Mupoe4Z10T",
        "relatedId": "rujR3gQFl3"
    },
	{
        "owningId": "iWsbsX9eqm",
        "relatedId": "mvMUFLw7Ld"
    },
	{
        "owningId": "rH9mPCfKr0",
        "relatedId": "mvMUFLw7Ld"
    },
	{
        "owningId": "aWaTQfijl7",
        "relatedId": "O7y1JcO397"
    },
	{
        "owningId": "fAXQawS7XT",
        "relatedId": "PozQiK8TRu"
    },
	{
        "owningId": "EEL1C3I2bn",
        "relatedId": "qhx1Rwix8g"
    },
	{
        "owningId": "fAXQawS7XT",
        "relatedId": "qhx1Rwix8g"
    },
	{
        "owningId": "7PrFTnmbQp",
        "relatedId": "J0Ek9eEJsw"
    },
	{
        "owningId": "JzxZRAuf0F",
        "relatedId": "ZyHOMbRZD1"
    },
	{
        "owningId": "DLeeW8QWHR",
        "relatedId": "ajjzrfLsKW"
    },
	{
        "owningId": "WyttQtAdVN",
        "relatedId": "ajjzrfLsKW"
    },
	{
        "owningId": "DyOhQd2KD0",
        "relatedId": "f0pUAGHeDm"
    },
	{
        "owningId": "AGs0Rq4VMy",
        "relatedId": "tj1SEDRNio"
    },
	{
        "owningId": "xhKX8IZnSh",
        "relatedId": "my4YY06d1Z"
    },
	{
        "owningId": "RXAKxrRcCh",
        "relatedId": "my4YY06d1Z"
    },
	{
        "owningId": "xhKX8IZnSh",
        "relatedId": "ZB0hEpiWqU"
    },
	{
        "owningId": "7K6qT2ENH8",
        "relatedId": "T3wD9V9GV8"
    },
	{
        "owningId": "7K6qT2ENH8",
        "relatedId": "GsbvLPAE1K"
    },
	{
        "owningId": "7K6qT2ENH8",
        "relatedId": "rOmb4tAxJr"
    },
	{
        "owningId": "Th9j6KHviG",
        "relatedId": "T3wD9V9GV8"
    },
	{
        "owningId": "xhKX8IZnSh",
        "relatedId": "gamMdVymTi"
    },
	{
        "owningId": "xhKX8IZnSh",
        "relatedId": "aCsdealhCC"
    },
	{
        "owningId": "xhKX8IZnSh",
        "relatedId": "rOmb4tAxJr"
    },
	{
        "owningId": "xhKX8IZnSh",
        "relatedId": "bVzZQM5Ead"
    },
	{
        "owningId": "AGs0Rq4VMy",
        "relatedId": "aCsdealhCC"
    },
	{
        "owningId": "QnrRbkJDqD",
        "relatedId": "aCsdealhCC"
    },
	{
        "owningId": "nOuyD1AMDt",
        "relatedId": "OkPjFV031K"
    },
	{
        "owningId": "r5QzXX9lOD",
        "relatedId": "ZTFb4QRaLa"
    },
	{
        "owningId": "xhKX8IZnSh",
        "relatedId": "DBbnAn7CKU"
    },
	{
        "owningId": "0tDn3EhrnE",
        "relatedId": "DBbnAn7CKU"
    },
	{
        "owningId": "PGpK5ICyEL",
        "relatedId": "T8ZM8GT4S2"
    },
	{
        "owningId": "xhKX8IZnSh",
        "relatedId": "5k2ZofBHia"
    },
	{
        "owningId": "0tDn3EhrnE",
        "relatedId": "5k2ZofBHia"
    },
	{
        "owningId": "QqgLRCAyOc",
        "relatedId": "v9yRmpNfo3"
    },
	{
        "owningId": "xhKX8IZnSh",
        "relatedId": "YStxbrg1Dd"
    },
	{
        "owningId": "9UutctzoXI",
        "relatedId": "05LQt4RQez"
    },
	{
        "owningId": "xhKX8IZnSh",
        "relatedId": "05LQt4RQez"
    },
	{
        "owningId": "YpxOwQftK0",
        "relatedId": "GRmRFB8vpg"
    },
	{
        "owningId": "xhKX8IZnSh",
        "relatedId": "GRmRFB8vpg"
    },
	{
        "owningId": "n4HDDLou0P",
        "relatedId": "i1obyiPbiz"
    },
	{
        "owningId": "nsXv71qKkA",
        "relatedId": "ub0ldHF3FM"
    },
	{
        "owningId": "nsXv71qKkA",
        "relatedId": "oV0czkdSCv"
    },
	{
        "owningId": "PGpK5ICyEL",
        "relatedId": "rJGBkKkqTr"
    },
	{
        "owningId": "AGs0Rq4VMy",
        "relatedId": "JAVq2T3RWG"
    },
	{
        "owningId": "WzEroymUQm",
        "relatedId": "HoKVg98QKb"
    },
	{
        "owningId": "nsXv71qKkA",
        "relatedId": "WI5GnFf8ce"
    },
	{
        "owningId": "6nMBKFNK00",
        "relatedId": "8WvifPHJBi"
    },
	{
        "owningId": "nsXv71qKkA",
        "relatedId": "4leY0aQsjo"
    },
	{
        "owningId": "gyFLXCTms2",
        "relatedId": "1aGvoSli7q"
    },
	{
        "owningId": "H8KXNTEKfL",
        "relatedId": "FiG3tiEgki"
    },
	{
        "owningId": "EmIxAchzXf",
        "relatedId": "FiG3tiEgki"
    },
	{
        "owningId": "gyFLXCTms2",
        "relatedId": "IptLwxU3kY"
    },
	{
        "owningId": "gyFLXCTms2",
        "relatedId": "SIj6dk7zyH"
    },
	{
        "owningId": "3Grxba19Uh",
        "relatedId": "L3Zb1TlE0m"
    },
	{
        "owningId": "3Grxba19Uh",
        "relatedId": "qJ8PmkRV0c"
    }
] }