{ "results": [
	{
        "owningId": "w0N1ij2ehF",
        "relatedId": "9ljRGiPss1"
    },
	{
        "owningId": "w0N1ij2ehF",
        "relatedId": "AWJYJtKA1P"
    },
	{
        "owningId": "LXaZVKcPDj",
        "relatedId": "AWJYJtKA1P"
    },
	{
        "owningId": "LXaZVKcPDj",
        "relatedId": "IRDtVhlwLY"
    },
	{
        "owningId": "LXaZVKcPDj",
        "relatedId": "2srdUJTLlo"
    },
	{
        "owningId": "kBV97IrWd7",
        "relatedId": "px36rMkZgY"
    },
	{
        "owningId": "LXaZVKcPDj",
        "relatedId": "Rh2dptlnqY"
    },
	{
        "owningId": "LXaZVKcPDj",
        "relatedId": "ORSjRLsgLJ"
    },
	{
        "owningId": "LXaZVKcPDj",
        "relatedId": "AyURUddKP5"
    },
	{
        "owningId": "kBV97IrWd7",
        "relatedId": "r7ztgCWCpA"
    },
	{
        "owningId": "flfkHTcPg5",
        "relatedId": "zikfl8rryA"
    },
	{
        "owningId": "LXaZVKcPDj",
        "relatedId": "79sbX3RVby"
    },
	{
        "owningId": "3aGyQgI2FY",
        "relatedId": "Rif3BXviyg"
    },
	{
        "owningId": "TcEY3vdDG2",
        "relatedId": "sQjuvaq7hV"
    },
	{
        "owningId": "LXaZVKcPDj",
        "relatedId": "Vz4xtwZ8aH"
    },
	{
        "owningId": "LXaZVKcPDj",
        "relatedId": "IlgReev9uQ"
    },
	{
        "owningId": "LXaZVKcPDj",
        "relatedId": "HkGZusPpbI"
    },
	{
        "owningId": "w0N1ij2ehF",
        "relatedId": "x7eGDyw62o"
    },
	{
        "owningId": "w0N1ij2ehF",
        "relatedId": "CeUQp8ijwS"
    },
	{
        "owningId": "w0N1ij2ehF",
        "relatedId": "XQXqdGAv6P"
    },
	{
        "owningId": "BZAIw22UuL",
        "relatedId": "UVSdzPkniH"
    },
	{
        "owningId": "BZAIw22UuL",
        "relatedId": "QDEeVSC9gz"
    },
	{
        "owningId": "LXaZVKcPDj",
        "relatedId": "XDNbCse5QG"
    },
	{
        "owningId": "BZAIw22UuL",
        "relatedId": "OX5Hgr7y1B"
    },
	{
        "owningId": "BZAIw22UuL",
        "relatedId": "b2FnRn5PYN"
    },
	{
        "owningId": "LXaZVKcPDj",
        "relatedId": "W6ZruciZ0i"
    },
	{
        "owningId": "LXaZVKcPDj",
        "relatedId": "HZk6OMgtZm"
    },
	{
        "owningId": "LXaZVKcPDj",
        "relatedId": "5W7aZUhkgh"
    },
	{
        "owningId": "E14B1ksCLb",
        "relatedId": "rJV2IemQuF"
    },
	{
        "owningId": "EEL1C3I2bn",
        "relatedId": "O7y1JcO397"
    },
	{
        "owningId": "Th9j6KHviG",
        "relatedId": "T3wD9V9GV8"
    },
	{
        "owningId": "AGs0Rq4VMy",
        "relatedId": "aCsdealhCC"
    },
	{
        "owningId": "EmIxAchzXf",
        "relatedId": "vgnroJkOj4"
    },
	{
        "owningId": "gyFLXCTms2",
        "relatedId": "IptLwxU3kY"
    }
] }