{ "results": [
	{
        "city_name": "Chicago Illinois",
        "createdAt": "2016-07-01T21:41:24.509Z",
        "objectId": "T4c84xKWyN",
        "updatedAt": "2016-07-01T21:41:24.509Z"
    },
	{
        "city_name": "Atlanta Georgia",
        "createdAt": "2016-04-20T02:51:38.368Z",
        "objectId": "V3qkFsjsCj",
        "updatedAt": "2016-04-20T02:51:38.368Z"
    },
	{
        "city_name": "Los Angeles California",
        "createdAt": "2016-04-20T02:47:28.242Z",
        "objectId": "ce9nmo5jjs",
        "updatedAt": "2016-04-20T02:51:17.421Z"
    },
	{
        "city_name": "Houston Texas",
        "createdAt": "2016-04-20T02:50:16.848Z",
        "objectId": "kfzrnQv72E",
        "updatedAt": "2016-04-20T02:51:02.335Z"
    },
	{
        "city_name": "New York City New York",
        "createdAt": "2016-04-19T12:13:43.868Z",
        "objectId": "xDsE7vN4Va",
        "updatedAt": "2016-04-20T02:51:26.086Z"
    },
	{
        "city_name": "San Francisco California",
        "createdAt": "2016-04-20T02:48:27.129Z",
        "objectId": "xvUBJ3OZxu",
        "updatedAt": "2016-04-20T02:51:11.130Z"
    }
] }