{ "results": [
	{
        "city": "Lowell",
        "country": "United States",
        "createdAt": "2016-06-23T23:40:28.666Z",
        "objectId": "01EjFDKXBx",
        "request_count": 0,
        "updatedAt": "2016-06-23T23:40:28.666Z",
        "zip_code": 1854
    },
	{
        "city": "Clark",
        "country": "United States",
        "createdAt": "2015-12-25T21:11:42.684Z",
        "objectId": "0LVrNVtIcs",
        "request_count": 0,
        "updatedAt": "2015-12-25T21:11:42.684Z",
        "zip_code": 7066
    },
	{
        "city": "Islip",
        "country": "United States",
        "createdAt": "2016-06-21T18:21:31.543Z",
        "objectId": "0n2hOOjOSu",
        "request_count": 0,
        "updatedAt": "2016-06-21T18:21:31.543Z",
        "zip_code": 11782
    },
	{
        "city": "Miami",
        "country": "United States",
        "createdAt": "2016-06-23T22:49:28.351Z",
        "objectId": "1GGbfsbpcm",
        "request_count": 0,
        "updatedAt": "2016-06-23T22:49:28.351Z",
        "zip_code": 33169
    },
	{
        "city": "Broken Arrow",
        "country": "United States",
        "createdAt": "2016-04-02T02:47:46.822Z",
        "objectId": "1N3PVWdXOb",
        "request_count": 0,
        "updatedAt": "2016-04-02T02:47:46.822Z",
        "zip_code": 74012
    },
	{
        "city": "Brookhaven",
        "country": "United States",
        "createdAt": "2016-04-02T02:52:11.916Z",
        "objectId": "1OVbzJ3gah",
        "request_count": 5,
        "updatedAt": "2016-06-28T13:41:54.849Z",
        "zip_code": 11763
    },
	{
        "city": "Cortland",
        "country": "United States",
        "createdAt": "2016-06-29T01:48:49.610Z",
        "objectId": "1Y3681rx9k",
        "request_count": 1,
        "updatedAt": "2016-06-29T01:50:42.533Z",
        "zip_code": 13045
    },
	{
        "city": "Norwalk",
        "country": "United States",
        "createdAt": "2016-05-15T23:30:14.762Z",
        "objectId": "1sI5dLiO7A",
        "request_count": 1,
        "updatedAt": "2016-05-15T23:30:34.349Z",
        "zip_code": 6854
    },
	{
        "city": "Dubai",
        "country": "United Arab Emirates",
        "createdAt": "2016-02-26T01:50:59.189Z",
        "objectId": "2EQROOPqPP",
        "request_count": 1,
        "updatedAt": "2016-02-26T01:51:33.540Z",
        "zip_code": 0
    },
	{
        "city": "Thane",
        "country": "India",
        "createdAt": "2016-08-23T03:36:04.953Z",
        "objectId": "2Q8A5hEE2b",
        "request_count": 0,
        "updatedAt": "2016-08-23T03:36:04.953Z",
        "zip_code": 400602
    },
	{
        "city": "Breuberg",
        "country": "Deutschland",
        "createdAt": "2016-03-13T09:40:47.114Z",
        "objectId": "2lMd2CT3c6",
        "request_count": 0,
        "updatedAt": "2016-03-13T09:40:47.114Z",
        "zip_code": 64747
    },
	{
        "city": "Glenolden",
        "country": "United States",
        "createdAt": "2016-03-12T22:34:05.123Z",
        "objectId": "2wDZ3G3smh",
        "request_count": 1,
        "updatedAt": "2016-03-12T22:34:36.606Z",
        "zip_code": 19036
    },
	{
        "city": "Miami Beach",
        "country": "United States",
        "createdAt": "2016-02-29T15:16:32.786Z",
        "objectId": "2ya7Yy3Qxn",
        "request_count": 1,
        "updatedAt": "2016-02-29T15:16:36.688Z",
        "zip_code": 33140
    },
	{
        "city": "Alcabideche",
        "country": "Portugal",
        "createdAt": "2016-04-09T11:54:51.043Z",
        "objectId": "3R2aWWamRQ",
        "request_count": 0,
        "updatedAt": "2016-04-09T11:54:51.043Z",
        "zip_code": 2645
    },
	{
        "city": "Bellevue",
        "country": "United States",
        "createdAt": "2016-03-18T02:45:40.199Z",
        "objectId": "3XIG7ATlXu",
        "request_count": 1,
        "updatedAt": "2016-03-18T02:45:42.383Z",
        "zip_code": 98006
    },
	{
        "city": "Sweden",
        "country": "United States",
        "createdAt": "2016-07-06T17:29:58.448Z",
        "objectId": "3lP4gtSVdo",
        "request_count": 0,
        "updatedAt": "2016-07-06T17:29:58.448Z",
        "zip_code": 14420
    },
	{
        "city": "Moorpark",
        "country": "United States",
        "createdAt": "2016-08-26T21:22:42.413Z",
        "objectId": "4QhjQN7aJD",
        "request_count": 0,
        "updatedAt": "2016-08-26T21:22:42.413Z",
        "zip_code": 93021
    },
	{
        "city": "Canandaigua",
        "country": "United States",
        "createdAt": "2016-07-03T03:04:31.220Z",
        "objectId": "4diWnXuqxo",
        "request_count": 0,
        "updatedAt": "2016-07-03T03:04:31.220Z",
        "zip_code": 14424
    },
	{
        "city": "Franklin",
        "country": "United States",
        "createdAt": "2015-12-25T23:18:06.575Z",
        "objectId": "53oaSKq8oU",
        "request_count": 2,
        "updatedAt": "2016-02-27T16:49:55.232Z",
        "zip_code": 8873
    },
	{
        "city": "Vienna",
        "country": "Austria",
        "createdAt": "2016-07-23T20:03:37.133Z",
        "objectId": "5Bu7l5ORqZ",
        "request_count": 0,
        "updatedAt": "2016-07-23T20:03:37.133Z",
        "zip_code": 1100
    },
	{
        "city": "Syracuse",
        "country": "United States",
        "createdAt": "2016-06-21T17:47:34.309Z",
        "objectId": "5EhH4lpl08",
        "request_count": 0,
        "updatedAt": "2016-06-21T17:47:34.309Z",
        "zip_code": 13224
    },
	{
        "city": "Lünen",
        "country": "Deutschland",
        "createdAt": "2016-05-23T16:19:31.352Z",
        "objectId": "5IDBnkMmYB",
        "request_count": 0,
        "updatedAt": "2016-05-23T16:19:31.352Z",
        "zip_code": 44534
    },
	{
        "city": "",
        "country": "Mexico",
        "createdAt": "2016-06-21T05:14:11.323Z",
        "objectId": "5Ma1Gnceu6",
        "request_count": 0,
        "updatedAt": "2016-06-21T05:14:11.323Z",
        "zip_code": 0
    },
	{
        "city": "New Windsor",
        "country": "United States",
        "createdAt": "2016-07-02T16:57:48.710Z",
        "objectId": "5Rx16rEWo5",
        "request_count": 0,
        "updatedAt": "2016-07-02T16:57:48.710Z",
        "zip_code": 10992
    },
	{
        "city": "West Windsor",
        "country": "United States",
        "createdAt": "2016-04-13T15:28:39.201Z",
        "objectId": "5eeMAPzeV2",
        "request_count": 0,
        "updatedAt": "2016-04-13T15:28:39.201Z",
        "zip_code": 8540
    },
	{
        "city": "Madurai North",
        "country": "India",
        "createdAt": "2016-05-23T10:22:21.335Z",
        "objectId": "5wlOSS6f2p",
        "request_count": 2,
        "updatedAt": "2016-06-01T11:55:51.065Z",
        "zip_code": 625020
    },
	{
        "city": "Warren",
        "country": "United States",
        "createdAt": "2016-03-04T17:12:29.591Z",
        "objectId": "6BrOXg7m1g",
        "request_count": 0,
        "updatedAt": "2016-03-04T17:12:29.591Z",
        "zip_code": 7059
    },
	{
        "city": "Münster",
        "country": "Deutschland",
        "createdAt": "2016-03-21T23:01:12.086Z",
        "objectId": "6JJnsu3dZ0",
        "request_count": 1,
        "updatedAt": "2016-03-21T23:01:18.683Z",
        "zip_code": 48145
    },
	{
        "city": "Bridport",
        "country": "United Kingdom",
        "createdAt": "2016-05-30T06:46:20.632Z",
        "objectId": "6JjzZoNHdM",
        "request_count": 0,
        "updatedAt": "2016-05-30T06:46:20.632Z",
        "zip_code": 0
    },
	{
        "city": "San Francisco",
        "country": "Estados Unidos",
        "createdAt": "2016-02-27T15:12:34.423Z",
        "objectId": "6TEWP4lg9a",
        "request_count": 0,
        "updatedAt": "2016-02-27T15:12:34.423Z",
        "zip_code": 94115
    },
	{
        "city": "Katy",
        "country": "United States",
        "createdAt": "2016-07-07T04:49:04.116Z",
        "objectId": "6hxa45JDnH",
        "request_count": 0,
        "updatedAt": "2016-07-07T04:49:04.116Z",
        "zip_code": 77450
    },
	{
        "city": "Highland Park",
        "country": "United States",
        "createdAt": "2015-12-28T20:17:25.729Z",
        "objectId": "6ytfPscisK",
        "request_count": 2,
        "updatedAt": "2016-07-30T21:42:13.321Z",
        "zip_code": 8904
    },
	{
        "city": "Grogol Petamburan",
        "country": "Indonesia",
        "createdAt": "2016-03-15T14:07:21.889Z",
        "objectId": "75MVOmGDgS",
        "request_count": 1,
        "updatedAt": "2016-03-15T14:07:25.628Z",
        "zip_code": 11440
    },
	{
        "city": "Joshua",
        "country": "United States",
        "createdAt": "2016-03-12T13:55:16.217Z",
        "objectId": "7Cm2nyNLkq",
        "request_count": 0,
        "updatedAt": "2016-03-12T13:55:16.217Z",
        "zip_code": 76058
    },
	{
        "city": "Lahore",
        "country": "Pakistan",
        "createdAt": "2015-12-22T09:16:50.432Z",
        "objectId": "7EInbVRVza",
        "request_count": 9,
        "updatedAt": "2016-05-06T12:11:10.733Z",
        "zip_code": 0
    },
	{
        "city": "Carrizal",
        "country": "Venezuela",
        "createdAt": "2016-06-21T21:39:27.180Z",
        "objectId": "7Mfqetsqnw",
        "request_count": 1,
        "updatedAt": "2016-06-21T21:39:32.427Z",
        "zip_code": 0
    },
	{
        "city": "Marlborough",
        "country": "United States",
        "createdAt": "2016-03-15T20:01:38.340Z",
        "objectId": "7SBy6BKGpU",
        "request_count": 0,
        "updatedAt": "2016-03-15T20:01:38.340Z",
        "zip_code": 1752
    },
	{
        "city": "Saint Paul",
        "country": "United States",
        "createdAt": "2016-02-02T02:57:28.623Z",
        "objectId": "7dPCmJBsDy",
        "request_count": 1,
        "updatedAt": "2016-02-02T02:57:32.399Z",
        "zip_code": 55114
    },
	{
        "city": "Budapest VII. kerület",
        "country": "Hungary",
        "createdAt": "2016-06-19T13:53:20.533Z",
        "objectId": "7mCPqpI2mi",
        "request_count": 0,
        "updatedAt": "2016-06-19T13:53:20.533Z",
        "zip_code": 1074
    },
	{
        "city": "Seattle",
        "country": "United States",
        "createdAt": "2016-03-12T19:54:00.177Z",
        "objectId": "7uuyUstTdJ",
        "request_count": 1,
        "updatedAt": "2016-03-12T19:54:02.429Z",
        "zip_code": 98115
    },
	{
        "city": "Fountain Valley",
        "country": "United States",
        "createdAt": "2016-03-19T23:39:18.907Z",
        "objectId": "7xcj0dO7A4",
        "request_count": 1,
        "updatedAt": "2016-03-19T23:39:22.948Z",
        "zip_code": 92708
    },
	{
        "city": "Denver",
        "country": "United States",
        "createdAt": "2016-03-16T00:09:24.334Z",
        "objectId": "7yhbeL11E1",
        "request_count": 1,
        "updatedAt": "2016-03-16T00:09:27.115Z",
        "zip_code": 80249
    },
	{
        "city": "East Brunswick",
        "country": "United States",
        "createdAt": "2016-03-17T12:01:11.354Z",
        "objectId": "85W2nn2NKp",
        "request_count": 0,
        "updatedAt": "2016-03-17T12:01:11.354Z",
        "zip_code": 8816
    },
	{
        "city": "Minetto",
        "country": "United States",
        "createdAt": "2016-06-26T02:00:36.292Z",
        "objectId": "8UNJbcRhmg",
        "request_count": 0,
        "updatedAt": "2016-06-26T02:00:36.292Z",
        "zip_code": 13126
    },
	{
        "city": "",
        "country": "المملكة العربية السعودية",
        "createdAt": "2016-04-17T21:06:05.215Z",
        "objectId": "8bhsRwAa7U",
        "request_count": 1,
        "updatedAt": "2016-04-17T21:06:13.368Z",
        "zip_code": 0
    },
	{
        "city": "Newark",
        "country": "United States",
        "createdAt": "2016-07-23T00:51:10.993Z",
        "objectId": "9B0swvaA1P",
        "request_count": 1,
        "updatedAt": "2016-07-23T00:51:26.972Z",
        "zip_code": 94560
    },
	{
        "city": "Cannes",
        "country": "France",
        "createdAt": "2016-03-13T01:16:52.568Z",
        "objectId": "9UmvhqKU5J",
        "request_count": 1,
        "updatedAt": "2016-03-13T01:17:03.081Z",
        "zip_code": 6400
    },
	{
        "city": "Le Roy",
        "country": "United States",
        "createdAt": "2016-07-07T04:47:55.800Z",
        "objectId": "9d9nfaJ0Kz",
        "request_count": 0,
        "updatedAt": "2016-07-07T04:47:55.800Z",
        "zip_code": 14482
    },
	{
        "city": "Valjevo",
        "country": "Serbia",
        "createdAt": "2016-03-22T16:21:38.548Z",
        "objectId": "9fDB2KEWet",
        "request_count": 0,
        "updatedAt": "2016-03-22T16:21:38.548Z",
        "zip_code": 14000
    },
	{
        "city": "Trondheim",
        "country": "Norway",
        "createdAt": "2016-03-13T07:37:39.487Z",
        "objectId": "9xyD4JyqiG",
        "request_count": 1,
        "updatedAt": "2016-03-13T07:38:01.911Z",
        "zip_code": 7092
    },
	{
        "city": "Ithaca",
        "country": "United States",
        "createdAt": "2016-06-22T03:18:16.551Z",
        "objectId": "9yKWDki7Xr",
        "request_count": 0,
        "updatedAt": "2016-06-22T03:18:16.551Z",
        "zip_code": 14850
    },
	{
        "city": "Stowe",
        "country": "United States",
        "createdAt": "2016-05-26T15:21:01.872Z",
        "objectId": "A0Bjp7VBO0",
        "request_count": 0,
        "updatedAt": "2016-05-26T15:21:01.872Z",
        "zip_code": 5672
    },
	{
        "city": "Oakland",
        "country": "United States",
        "createdAt": "2016-03-12T17:46:02.561Z",
        "objectId": "Ad1L2uCqDW",
        "request_count": 2,
        "updatedAt": "2016-06-23T00:12:26.914Z",
        "zip_code": 94612
    },
	{
        "city": "Palmerah",
        "country": "Indonesia",
        "createdAt": "2016-03-15T11:08:25.663Z",
        "objectId": "Ar6ZBuPNep",
        "request_count": 1,
        "updatedAt": "2016-03-15T11:09:43.411Z",
        "zip_code": 11430
    },
	{
        "city": "San Francisco",
        "country": "United States",
        "createdAt": "2015-12-17T04:09:22.684Z",
        "objectId": "B0Wvs1aNYE",
        "request_count": 25,
        "updatedAt": "2016-08-02T13:21:45.083Z",
        "zip_code": 94103
    },
	{
        "city": "Jonesboro",
        "country": "United States",
        "createdAt": "2016-08-30T00:34:13.381Z",
        "objectId": "B1G86MdV0f",
        "request_count": 0,
        "updatedAt": "2016-08-30T00:34:13.381Z",
        "zip_code": 72404
    },
	{
        "city": "Niagara Falls",
        "country": "United States",
        "createdAt": "2016-06-25T00:44:00.237Z",
        "objectId": "B5DetSuKnn",
        "request_count": 0,
        "updatedAt": "2016-06-25T00:44:00.237Z",
        "zip_code": 14305
    },
	{
        "city": "Atlantic City",
        "country": "United States",
        "createdAt": "2016-03-13T00:00:02.375Z",
        "objectId": "BKBYpYIpvt",
        "request_count": 0,
        "updatedAt": "2016-03-13T00:00:02.375Z",
        "zip_code": 8203
    },
	{
        "city": "Smithtown",
        "country": "United States",
        "createdAt": "2016-03-17T02:46:11.017Z",
        "objectId": "BgA5HkUC57",
        "request_count": 0,
        "updatedAt": "2016-03-17T02:46:11.017Z",
        "zip_code": 11767
    },
	{
        "city": "Thane",
        "country": "India",
        "createdAt": "2016-08-23T03:36:05.074Z",
        "objectId": "Bk6BoCwlan",
        "request_count": 1,
        "updatedAt": "2016-08-23T03:36:17.565Z",
        "zip_code": 400602
    },
	{
        "city": "San Jose",
        "country": "United States",
        "createdAt": "2016-03-18T06:14:35.855Z",
        "objectId": "C2NEtKN6An",
        "request_count": 1,
        "updatedAt": "2016-03-18T06:14:41.713Z",
        "zip_code": 95124
    },
	{
        "city": "Shanghai",
        "country": "China",
        "createdAt": "2016-03-18T04:42:30.760Z",
        "objectId": "CGXrjigfnY",
        "request_count": 0,
        "updatedAt": "2016-03-18T04:42:30.760Z",
        "zip_code": 0
    },
	{
        "city": "Charlotte",
        "country": "United States",
        "createdAt": "2015-12-26T12:36:33.388Z",
        "objectId": "CNfxWMhlrW",
        "request_count": 0,
        "updatedAt": "2015-12-26T12:36:33.388Z",
        "zip_code": 28208
    },
	{
        "city": "Sankt Anton am Arlberg",
        "country": "Oostenrijk",
        "createdAt": "2016-03-20T15:15:42.186Z",
        "objectId": "CR2VjqpqFy",
        "request_count": 1,
        "updatedAt": "2016-03-20T15:15:47.558Z",
        "zip_code": 6580
    },
	{
        "city": "Großhansdorf",
        "country": "Deutschland",
        "createdAt": "2016-05-23T22:46:15.574Z",
        "objectId": "CU2i7u32ZG",
        "request_count": 0,
        "updatedAt": "2016-05-23T22:46:15.574Z",
        "zip_code": 22927
    },
	{
        "city": "",
        "country": "Antarctica",
        "createdAt": "2016-01-01T09:08:19.441Z",
        "objectId": "CmI9UhfvA2",
        "request_count": 0,
        "updatedAt": "2016-01-01T09:08:19.441Z",
        "zip_code": 0
    },
	{
        "city": "Deerfield Beach",
        "country": "United States",
        "createdAt": "2016-06-22T02:33:18.775Z",
        "objectId": "DTaFqBrGDc",
        "request_count": 1,
        "updatedAt": "2016-06-22T02:33:21.935Z",
        "zip_code": 33442
    },
	{
        "city": "Edison",
        "country": "United States",
        "createdAt": "2016-02-03T02:21:18.122Z",
        "objectId": "Dlx5fKhUE3",
        "request_count": 1,
        "updatedAt": "2016-07-27T18:42:46.448Z",
        "zip_code": 8817
    },
	{
        "city": "Whitesboro",
        "country": "United States",
        "createdAt": "2016-03-17T15:10:05.861Z",
        "objectId": "Dmv5grZLPZ",
        "request_count": 0,
        "updatedAt": "2016-03-17T15:10:05.861Z",
        "zip_code": 13492
    },
	{
        "city": "Berlin",
        "country": "Deutschland",
        "createdAt": "2016-06-16T05:45:10.352Z",
        "objectId": "DwuBXPCbpc",
        "request_count": 1,
        "updatedAt": "2016-06-16T05:45:46.445Z",
        "zip_code": 10559
    },
	{
        "city": "Saint Catharines",
        "country": "Kanada",
        "createdAt": "2016-03-13T00:49:20.491Z",
        "objectId": "DyUeGXoAez",
        "request_count": 0,
        "updatedAt": "2016-03-13T00:49:20.491Z",
        "zip_code": 0
    },
	{
        "city": "Pasadena",
        "country": "United States",
        "createdAt": "2016-06-23T12:55:19.976Z",
        "objectId": "ELCW4RNYhr",
        "request_count": 0,
        "updatedAt": "2016-06-23T12:55:19.976Z",
        "zip_code": 21122
    },
	{
        "city": "Fremont",
        "country": "United States",
        "createdAt": "2016-03-19T03:42:28.987Z",
        "objectId": "EjKL3niBGO",
        "request_count": 0,
        "updatedAt": "2016-03-19T03:42:28.987Z",
        "zip_code": 43420
    },
	{
        "city": "Winston-Salem",
        "country": "United States",
        "createdAt": "2016-03-12T15:03:20.483Z",
        "objectId": "FKiQ7Dxc0J",
        "request_count": 0,
        "updatedAt": "2016-03-12T15:03:20.483Z",
        "zip_code": 27127
    },
	{
        "city": "Westminster",
        "country": "United States",
        "createdAt": "2016-03-23T06:31:05.060Z",
        "objectId": "FPlAW0QAA2",
        "request_count": 0,
        "updatedAt": "2016-03-23T06:31:05.060Z",
        "zip_code": 80020
    },
	{
        "city": "Vancouver",
        "country": "Canada",
        "createdAt": "2016-06-11T02:51:54.493Z",
        "objectId": "FYZLm0XEDX",
        "request_count": 2,
        "updatedAt": "2016-08-31T00:29:12.299Z",
        "zip_code": 0
    },
	{
        "city": "Oswego town",
        "country": "United States",
        "createdAt": "2016-07-07T16:42:17.814Z",
        "objectId": "FYtTYUoWRC",
        "request_count": 0,
        "updatedAt": "2016-07-07T16:42:17.814Z",
        "zip_code": 13126
    },
	{
        "city": "Haarlemmermeer",
        "country": "Nederland",
        "createdAt": "2016-03-22T07:05:31.713Z",
        "objectId": "FZTz7qNGoz",
        "request_count": 0,
        "updatedAt": "2016-03-22T07:05:31.713Z",
        "zip_code": 1118
    },
	{
        "city": "",
        "country": "Iran",
        "createdAt": "2016-07-21T08:14:02.928Z",
        "objectId": "FqHdylWAH9",
        "request_count": 0,
        "updatedAt": "2016-07-21T08:14:02.928Z",
        "zip_code": 0
    },
	{
        "city": "",
        "country": "",
        "createdAt": "2016-01-01T09:06:58.340Z",
        "objectId": "FxxB6Rl7KW",
        "request_count": 1,
        "updatedAt": "2016-06-15T19:12:23.545Z",
        "zip_code": 0
    },
	{
        "city": "Reno",
        "country": "United States",
        "createdAt": "2016-05-26T18:34:11.620Z",
        "objectId": "G7zuPlrHdD",
        "request_count": 0,
        "updatedAt": "2016-05-26T18:34:11.620Z",
        "zip_code": 89511
    },
	{
        "city": "Scotia",
        "country": "United States",
        "createdAt": "2016-06-23T03:21:33.464Z",
        "objectId": "G9PcFFMt4B",
        "request_count": 0,
        "updatedAt": "2016-06-23T03:21:33.464Z",
        "zip_code": 12302
    },
	{
        "city": "Bogotá",
        "country": "Colombia",
        "createdAt": "2016-07-03T17:00:11.223Z",
        "objectId": "GOD2XbcaWW",
        "request_count": 0,
        "updatedAt": "2016-07-03T17:00:11.223Z",
        "zip_code": 0
    },
	{
        "city": "Murrieta",
        "country": "United States",
        "createdAt": "2016-03-13T06:33:55.145Z",
        "objectId": "GzNYOHeIBq",
        "request_count": 1,
        "updatedAt": "2016-03-13T06:33:58.751Z",
        "zip_code": 92562
    },
	{
        "city": "Bowie",
        "country": "United States",
        "createdAt": "2016-06-24T13:44:52.642Z",
        "objectId": "HTJh9HYkny",
        "request_count": 1,
        "updatedAt": "2016-06-24T13:45:07.415Z",
        "zip_code": 20720
    },
	{
        "city": "Kuwait City",
        "country": "Kuwait",
        "createdAt": "2016-02-28T07:14:32.383Z",
        "objectId": "HnCIcywBPe",
        "request_count": 1,
        "updatedAt": "2016-02-28T07:50:06.413Z",
        "zip_code": 0
    },
	{
        "city": "Oneida",
        "country": "United States",
        "createdAt": "2016-06-22T11:36:02.964Z",
        "objectId": "HpMubi4qNa",
        "request_count": 1,
        "updatedAt": "2016-06-22T11:38:56.065Z",
        "zip_code": 13421
    },
	{
        "city": "Woburn",
        "country": "United States",
        "createdAt": "2016-04-04T13:43:10.309Z",
        "objectId": "Hu1zOVcA31",
        "request_count": 1,
        "updatedAt": "2016-04-04T13:43:20.683Z",
        "zip_code": 1801
    },
	{
        "city": "Tonawanda",
        "country": "United States",
        "createdAt": "2016-06-30T12:08:23.915Z",
        "objectId": "HvIvXiDIdv",
        "request_count": 1,
        "updatedAt": "2016-06-30T12:09:35.163Z",
        "zip_code": 14150
    },
	{
        "city": "Toronto",
        "country": "Canada",
        "createdAt": "2016-03-22T00:11:16.100Z",
        "objectId": "IMqF5PZNJF",
        "request_count": 0,
        "updatedAt": "2016-03-22T00:11:16.100Z",
        "zip_code": 0
    },
	{
        "city": "Buffalo",
        "country": "United States",
        "createdAt": "2016-06-10T21:30:14.273Z",
        "objectId": "InxAqx8KxZ",
        "request_count": 1,
        "updatedAt": "2016-06-10T21:30:21.231Z",
        "zip_code": 14213
    },
	{
        "city": "Mexico City",
        "country": "Mexico",
        "createdAt": "2016-02-02T06:28:01.192Z",
        "objectId": "IyaBiiOMrB",
        "request_count": 0,
        "updatedAt": "2016-02-02T06:28:01.192Z",
        "zip_code": 6010
    },
	{
        "city": "São Paulo",
        "country": "Brazil",
        "createdAt": "2016-03-23T21:21:05.543Z",
        "objectId": "J0mwM7QP6e",
        "request_count": 1,
        "updatedAt": "2016-03-23T21:24:31.715Z",
        "zip_code": 4792
    },
	{
        "city": "Wood Dale",
        "country": "United States",
        "createdAt": "2016-04-18T03:01:11.353Z",
        "objectId": "J50kcdAER0",
        "request_count": 1,
        "updatedAt": "2016-04-18T03:01:17.789Z",
        "zip_code": 60191
    },
	{
        "city": "Atlanta",
        "country": "United States",
        "createdAt": "2016-03-11T18:41:39.677Z",
        "objectId": "JKEvMOTnUt",
        "request_count": 1,
        "updatedAt": "2016-03-11T18:41:41.742Z",
        "zip_code": 30339
    },
	{
        "city": "Stokesdale",
        "country": "United States",
        "createdAt": "2016-07-07T05:33:57.511Z",
        "objectId": "JaN3kdssn9",
        "request_count": 1,
        "updatedAt": "2016-07-07T05:35:10.526Z",
        "zip_code": 27357
    },
	{
        "city": "Sonoma",
        "country": "United States",
        "createdAt": "2016-07-01T03:55:04.867Z",
        "objectId": "Jg4SiTinYi",
        "request_count": 1,
        "updatedAt": "2016-07-01T03:55:07.854Z",
        "zip_code": 95476
    },
	{
        "city": "Hohenwald",
        "country": "United States",
        "createdAt": "2016-08-19T13:51:48.944Z",
        "objectId": "Jh7KHvKnT3",
        "request_count": 0,
        "updatedAt": "2016-08-19T13:51:48.944Z",
        "zip_code": 38462
    },
	{
        "city": "Chicago",
        "country": "United States",
        "createdAt": "2016-02-02T05:00:43.965Z",
        "objectId": "JkoUf8wPcc",
        "request_count": 4,
        "updatedAt": "2016-08-11T18:10:20.863Z",
        "zip_code": 60657
    },
	{
        "city": "Новошахтинск",
        "country": "Россия",
        "createdAt": "2016-03-04T21:04:54.314Z",
        "objectId": "JmiJQeoNQs",
        "request_count": 1,
        "updatedAt": "2016-03-04T21:04:56.824Z",
        "zip_code": 346900
    },
	{
        "city": "Aylesbury",
        "country": "United Kingdom",
        "createdAt": "2016-03-22T22:29:30.505Z",
        "objectId": "KUBfehSPsJ",
        "request_count": 1,
        "updatedAt": "2016-03-22T22:29:32.392Z",
        "zip_code": 0
    },
	{
        "city": "Sunnyvale",
        "country": "United States",
        "createdAt": "2016-01-10T23:56:15.807Z",
        "objectId": "KnkJBu5kXy",
        "request_count": 4,
        "updatedAt": "2016-03-16T21:50:46.129Z",
        "zip_code": 94085
    },
	{
        "city": "West Palm Beach",
        "country": "United States",
        "createdAt": "2016-08-28T02:02:25.466Z",
        "objectId": "KqDTzH5k9b",
        "request_count": 1,
        "updatedAt": "2016-08-28T02:03:36.878Z",
        "zip_code": 33401
    },
	{
        "city": "Sydney",
        "country": "Australia",
        "createdAt": "2016-06-09T17:01:40.075Z",
        "objectId": "KuEV3QrZgc",
        "request_count": 0,
        "updatedAt": "2016-06-09T17:01:40.075Z",
        "zip_code": 2000
    },
	{
        "city": "Campinas",
        "country": "Brazil",
        "createdAt": "2016-03-18T14:48:11.587Z",
        "objectId": "Lg5QRikn0M",
        "request_count": 1,
        "updatedAt": "2016-03-18T14:49:13.130Z",
        "zip_code": 13083
    },
	{
        "city": "Bonn",
        "country": "Deutschland",
        "createdAt": "2016-04-18T21:23:35.934Z",
        "objectId": "Lm8fWMzxcM",
        "request_count": 0,
        "updatedAt": "2016-04-18T21:23:35.934Z",
        "zip_code": 53111
    },
	{
        "city": "Jonesboro",
        "country": "United States",
        "createdAt": "2016-08-30T00:34:13.522Z",
        "objectId": "MMPJyc6PWO",
        "request_count": 0,
        "updatedAt": "2016-08-30T00:34:13.522Z",
        "zip_code": 72404
    },
	{
        "city": "Canandaigua",
        "country": "United States",
        "createdAt": "2016-07-03T03:04:31.252Z",
        "objectId": "MTPfAEkKRS",
        "request_count": 0,
        "updatedAt": "2016-07-03T03:04:31.252Z",
        "zip_code": 14424
    },
	{
        "city": "South Miami",
        "country": "United States",
        "createdAt": "2016-06-27T03:53:49.283Z",
        "objectId": "MhAgvi2ZUS",
        "request_count": 0,
        "updatedAt": "2016-06-27T03:53:49.283Z",
        "zip_code": 33155
    },
	{
        "city": "Montgomery",
        "country": "United States",
        "createdAt": "2016-07-05T22:49:54.894Z",
        "objectId": "MtQwGylb7X",
        "request_count": 1,
        "updatedAt": "2016-07-05T22:49:56.619Z",
        "zip_code": 12549
    },
	{
        "city": "Boston",
        "country": "United States",
        "createdAt": "2016-05-28T21:35:37.708Z",
        "objectId": "NBeU2jRfIR",
        "request_count": 3,
        "updatedAt": "2016-09-02T20:51:27.912Z",
        "zip_code": 2210
    },
	{
        "city": "Kenmore",
        "country": "United States",
        "createdAt": "2016-07-05T03:36:37.592Z",
        "objectId": "NfpOw9hNA1",
        "request_count": 0,
        "updatedAt": "2016-07-05T03:36:37.592Z",
        "zip_code": 14217
    },
	{
        "city": "North Brunswick",
        "country": "United States",
        "createdAt": "2016-03-12T22:14:09.801Z",
        "objectId": "NgWUfS6cJT",
        "request_count": 1,
        "updatedAt": "2016-03-12T22:16:36.871Z",
        "zip_code": 8902
    },
	{
        "city": "Ocean City",
        "country": "United States",
        "createdAt": "2016-07-31T16:38:39.281Z",
        "objectId": "NqoCffBYLt",
        "request_count": 0,
        "updatedAt": "2016-07-31T16:38:39.281Z",
        "zip_code": 0
    },
	{
        "city": "Baden",
        "country": "Österreich",
        "createdAt": "2016-03-17T22:30:17.641Z",
        "objectId": "NzNPs7w9oS",
        "request_count": 1,
        "updatedAt": "2016-03-17T22:30:21.326Z",
        "zip_code": 2500
    },
	{
        "city": "San Francisco",
        "country": "Vereinigte Staaten",
        "createdAt": "2016-05-23T17:55:34.184Z",
        "objectId": "OEvFUMrXJc",
        "request_count": 0,
        "updatedAt": "2016-05-23T17:55:34.184Z",
        "zip_code": 94103
    },
	{
        "city": "Paço de Arcos",
        "country": "Portugal",
        "createdAt": "2016-03-17T23:55:22.977Z",
        "objectId": "OQo7lWR8Kv",
        "request_count": 0,
        "updatedAt": "2016-03-17T23:55:22.977Z",
        "zip_code": 2770
    },
	{
        "city": "Gillitts",
        "country": "South Africa",
        "createdAt": "2016-05-13T15:25:36.955Z",
        "objectId": "OirrBpOTl1",
        "request_count": 1,
        "updatedAt": "2016-05-13T15:25:41.413Z",
        "zip_code": 3610
    },
	{
        "city": "淡水區",
        "country": "台灣",
        "createdAt": "2016-03-18T02:00:46.934Z",
        "objectId": "P4wlcg6qZe",
        "request_count": 1,
        "updatedAt": "2016-03-18T02:00:54.392Z",
        "zip_code": 251
    },
	{
        "city": "Herndon",
        "country": "United States",
        "createdAt": "2016-06-24T01:02:22.266Z",
        "objectId": "PJd2wAQuWY",
        "request_count": 1,
        "updatedAt": "2016-06-24T01:02:42.088Z",
        "zip_code": 20171
    },
	{
        "city": "Mukilteo",
        "country": "United States",
        "createdAt": "2016-03-13T00:54:30.901Z",
        "objectId": "PPIg0IUyEj",
        "request_count": 1,
        "updatedAt": "2016-03-13T00:54:35.292Z",
        "zip_code": 98275
    },
	{
        "city": "Nelson",
        "country": "United States",
        "createdAt": "2016-06-23T00:12:57.963Z",
        "objectId": "Pdd3X3CZVJ",
        "request_count": 0,
        "updatedAt": "2016-06-23T00:12:57.963Z",
        "zip_code": 16920
    },
	{
        "city": "Schroon",
        "country": "United States",
        "createdAt": "2016-07-03T02:23:38.076Z",
        "objectId": "Po7AUNS8dx",
        "request_count": 0,
        "updatedAt": "2016-07-03T02:23:38.076Z",
        "zip_code": 12870
    },
	{
        "city": "Centerton",
        "country": "United States",
        "createdAt": "2016-01-30T16:51:38.856Z",
        "objectId": "QDFTAPx3TD",
        "request_count": 2,
        "updatedAt": "2016-04-29T12:09:10.858Z",
        "zip_code": 72719
    },
	{
        "city": "Detroit",
        "country": "United States",
        "createdAt": "2016-04-13T18:08:13.194Z",
        "objectId": "QPOkRa9hM2",
        "request_count": 0,
        "updatedAt": "2016-04-13T18:08:13.194Z",
        "zip_code": 48201
    },
	{
        "city": "San Francisco",
        "country": "Hiệp Chủng Quốc Hoa Kỳ",
        "createdAt": "2016-07-24T13:40:37.513Z",
        "objectId": "QSD9yfeyq8",
        "request_count": 0,
        "updatedAt": "2016-07-24T13:40:37.513Z",
        "zip_code": 94103
    },
	{
        "city": "Краснодар",
        "country": "Россия",
        "createdAt": "2016-02-22T18:31:45.814Z",
        "objectId": "RK4awuc8X4",
        "request_count": 1,
        "updatedAt": "2016-02-22T18:31:49.384Z",
        "zip_code": 350000
    },
	{
        "city": "Washington",
        "country": "United States",
        "createdAt": "2016-03-12T21:04:59.706Z",
        "objectId": "RrHnCIRFUv",
        "request_count": 0,
        "updatedAt": "2016-03-12T21:04:59.706Z",
        "zip_code": 20008
    },
	{
        "city": "Yangcheon-gu",
        "country": "South Korea",
        "createdAt": "2016-06-21T14:59:55.306Z",
        "objectId": "RsflIXnG1s",
        "request_count": 1,
        "updatedAt": "2016-06-21T14:59:59.928Z",
        "zip_code": 0
    },
	{
        "city": "Bengaluru",
        "country": "India",
        "createdAt": "2016-03-18T03:00:15.020Z",
        "objectId": "RtmTbxvZTk",
        "request_count": 1,
        "updatedAt": "2016-03-18T03:00:24.878Z",
        "zip_code": 560040
    },
	{
        "city": "Gibsonton",
        "country": "United States",
        "createdAt": "2016-07-05T22:13:06.304Z",
        "objectId": "RxtRSJRyHG",
        "request_count": 1,
        "updatedAt": "2016-07-05T22:13:09.595Z",
        "zip_code": 33534
    },
	{
        "city": "Vacaville",
        "country": "United States",
        "createdAt": "2016-03-17T22:37:35.568Z",
        "objectId": "S2NZ3iTVpv",
        "request_count": 0,
        "updatedAt": "2016-03-17T22:37:35.568Z",
        "zip_code": 95688
    },
	{
        "city": "Norcross",
        "country": "United States",
        "createdAt": "2015-12-21T08:01:35.445Z",
        "objectId": "S7IAK9uBSw",
        "request_count": 1,
        "updatedAt": "2016-03-07T23:38:48.843Z",
        "zip_code": 30093
    },
	{
        "city": "Jersey City",
        "country": "United States",
        "createdAt": "2016-01-05T23:03:19.873Z",
        "objectId": "SHBonsi4QD",
        "request_count": 1,
        "updatedAt": "2016-01-05T23:04:54.242Z",
        "zip_code": 7310
    },
	{
        "city": "Vienna",
        "country": "Austria",
        "createdAt": "2016-07-23T20:03:37.004Z",
        "objectId": "SWAY30zCk4",
        "request_count": 1,
        "updatedAt": "2016-07-23T20:04:16.387Z",
        "zip_code": 1100
    },
	{
        "city": "Сан-Франциско",
        "country": "Соединённые Штаты Америки",
        "createdAt": "2016-07-05T16:22:05.504Z",
        "objectId": "SYev0FP4Ry",
        "request_count": 0,
        "updatedAt": "2016-07-05T16:22:05.504Z",
        "zip_code": 94103
    },
	{
        "city": "South Salt Lake",
        "country": "United States",
        "createdAt": "2016-06-29T16:10:20.586Z",
        "objectId": "SZodn5RGx2",
        "request_count": 0,
        "updatedAt": "2016-06-29T16:10:20.586Z",
        "zip_code": 84115
    },
	{
        "city": "Cupertino",
        "country": "United States",
        "createdAt": "2016-07-27T09:42:03.957Z",
        "objectId": "SvQQ82bDV1",
        "request_count": 0,
        "updatedAt": "2016-07-27T09:42:03.957Z",
        "zip_code": 95014
    },
	{
        "city": "Schenectady",
        "country": "United States",
        "createdAt": "2016-06-23T02:54:23.857Z",
        "objectId": "SzXvDBXZvg",
        "request_count": 1,
        "updatedAt": "2016-06-23T02:54:27.377Z",
        "zip_code": 12304
    },
	{
        "city": "Mumbai",
        "country": "India",
        "createdAt": "2015-12-16T19:26:24.125Z",
        "objectId": "T3OdqifpeV",
        "request_count": 2,
        "updatedAt": "2015-12-16T19:40:22.879Z"
    },
	{
        "city": "London",
        "country": "United Kingdom",
        "createdAt": "2016-02-13T12:09:58.581Z",
        "objectId": "T51JTzoxgk",
        "request_count": 4,
        "updatedAt": "2016-07-23T17:52:52.203Z",
        "zip_code": 0
    },
	{
        "city": "Utica",
        "country": "United States",
        "createdAt": "2016-06-23T13:48:23.198Z",
        "objectId": "T5ssJjUmjM",
        "request_count": 1,
        "updatedAt": "2016-06-23T13:48:27.356Z",
        "zip_code": 13501
    },
	{
        "city": "Naka-Ku, Nagoya",
        "country": "Japan",
        "createdAt": "2016-05-21T11:02:24.592Z",
        "objectId": "T9yNagLuSm",
        "request_count": 0,
        "updatedAt": "2016-05-21T11:02:24.592Z",
        "zip_code": 0
    },
	{
        "city": "Bekasi",
        "country": "Indonesia",
        "createdAt": "2016-02-12T05:55:14.451Z",
        "objectId": "TF5JT4PBfY",
        "request_count": 1,
        "updatedAt": "2016-02-12T05:55:16.304Z",
        "zip_code": 17148
    },
	{
        "city": "Henrico",
        "country": "United States",
        "createdAt": "2016-06-24T01:20:31.054Z",
        "objectId": "TFf965OS2H",
        "request_count": 1,
        "updatedAt": "2016-06-24T01:20:56.574Z",
        "zip_code": 23228
    },
	{
        "city": "Honolulu",
        "country": "United States",
        "createdAt": "2016-02-04T06:47:15.274Z",
        "objectId": "TJ4s8bLNiE",
        "request_count": 1,
        "updatedAt": "2016-02-04T06:47:17.373Z",
        "zip_code": 96815
    },
	{
        "city": "Madrid",
        "country": "Spain",
        "createdAt": "2016-03-29T07:20:52.406Z",
        "objectId": "TOyqPJdVim",
        "request_count": 0,
        "updatedAt": "2016-03-29T07:20:52.406Z",
        "zip_code": 28043
    },
	{
        "city": "Florence",
        "country": "United States",
        "createdAt": "2016-04-17T13:59:47.072Z",
        "objectId": "TV1AV3GD7k",
        "request_count": 0,
        "updatedAt": "2016-04-17T13:59:47.072Z",
        "zip_code": 29501
    },
	{
        "city": "New London",
        "country": "United States",
        "createdAt": "2016-02-23T23:00:11.410Z",
        "objectId": "TYcu88dkGP",
        "request_count": 0,
        "updatedAt": "2016-02-23T23:00:11.410Z",
        "zip_code": 6320
    },
	{
        "city": "Aurora",
        "country": "United States",
        "createdAt": "2016-03-15T21:55:23.656Z",
        "objectId": "TaH55m5W5m",
        "request_count": 1,
        "updatedAt": "2016-03-15T21:55:39.751Z",
        "zip_code": 80011
    },
	{
        "city": "Glen Ellyn",
        "country": "United States",
        "createdAt": "2016-03-12T18:02:16.023Z",
        "objectId": "Ti2rCK9xKO",
        "request_count": 1,
        "updatedAt": "2016-03-12T18:03:32.297Z",
        "zip_code": 60137
    },
	{
        "city": "Stansted",
        "country": "United Kingdom",
        "createdAt": "2016-08-29T10:02:51.404Z",
        "objectId": "Tng5UPpCVF",
        "request_count": 1,
        "updatedAt": "2016-08-29T10:02:56.291Z",
        "zip_code": 0
    },
	{
        "city": "Carlsbad",
        "country": "United States",
        "createdAt": "2016-03-12T19:53:54.139Z",
        "objectId": "U4kUkd49yu",
        "request_count": 1,
        "updatedAt": "2016-03-12T19:54:01.466Z",
        "zip_code": 92010
    },
	{
        "city": "Montréal",
        "country": "Canada",
        "createdAt": "2016-07-04T10:44:48.995Z",
        "objectId": "USUvo7D6Uz",
        "request_count": 0,
        "updatedAt": "2016-07-04T10:44:48.995Z",
        "zip_code": 0
    },
	{
        "city": "Campinas",
        "country": "Brazil",
        "createdAt": "2016-03-18T14:48:11.625Z",
        "objectId": "Uno6KUmPeS",
        "request_count": 0,
        "updatedAt": "2016-03-18T14:48:11.625Z",
        "zip_code": 13083
    },
	{
        "city": "Dublin",
        "country": "Ireland",
        "createdAt": "2016-03-12T21:04:31.015Z",
        "objectId": "V5lGT25SZS",
        "request_count": 1,
        "updatedAt": "2016-03-12T21:04:34.948Z",
        "zip_code": 0
    },
	{
        "city": "Renton",
        "country": "United States",
        "createdAt": "2016-03-24T06:45:40.045Z",
        "objectId": "VFFTbhj6xj",
        "request_count": 0,
        "updatedAt": "2016-03-24T06:45:40.045Z",
        "zip_code": 98055
    },
	{
        "city": "Knoxville",
        "country": "United States",
        "createdAt": "2016-05-20T16:10:58.656Z",
        "objectId": "VGXdkfPia4",
        "request_count": 1,
        "updatedAt": "2016-05-20T16:11:04.613Z",
        "zip_code": 37923
    },
	{
        "city": "Alcorcón",
        "country": "España",
        "createdAt": "2016-03-13T16:22:10.949Z",
        "objectId": "VxM8TDuQq7",
        "request_count": 1,
        "updatedAt": "2016-03-13T16:27:47.971Z",
        "zip_code": 28924
    },
	{
        "city": "Tonawanda",
        "country": "United States",
        "createdAt": "2016-06-30T12:08:24.870Z",
        "objectId": "WgYQzhJ0k0",
        "request_count": 0,
        "updatedAt": "2016-06-30T12:08:24.870Z",
        "zip_code": 14150
    },
	{
        "city": "Katy",
        "country": "United States",
        "createdAt": "2016-07-07T04:49:04.161Z",
        "objectId": "Wi8KOAYAlF",
        "request_count": 0,
        "updatedAt": "2016-07-07T04:49:04.161Z",
        "zip_code": 77450
    },
	{
        "city": "Putnam Valley",
        "country": "United States",
        "createdAt": "2016-06-21T16:02:33.286Z",
        "objectId": "Wkr7kVQzZz",
        "request_count": 1,
        "updatedAt": "2016-06-21T16:02:42.763Z",
        "zip_code": 10579
    },
	{
        "city": "Porto Salvo",
        "country": "Portugal",
        "createdAt": "2016-04-05T13:19:35.982Z",
        "objectId": "WvQeTnuS32",
        "request_count": 1,
        "updatedAt": "2016-04-05T13:20:39.864Z",
        "zip_code": 2740
    },
	{
        "city": "Cainta",
        "country": "Philippines",
        "createdAt": "2016-03-25T02:25:37.444Z",
        "objectId": "X2LKvjNKfP",
        "request_count": 1,
        "updatedAt": "2016-03-25T02:26:09.420Z",
        "zip_code": 0
    },
	{
        "city": "Riverside",
        "country": "United States",
        "createdAt": "2016-03-12T14:12:00.446Z",
        "objectId": "X5kOtVTXFR",
        "request_count": 0,
        "updatedAt": "2016-03-12T14:12:00.446Z",
        "zip_code": 92506
    },
	{
        "city": "Warrensburg",
        "country": "United States",
        "createdAt": "2016-06-28T12:15:35.191Z",
        "objectId": "XBoIrrRGnw",
        "request_count": 0,
        "updatedAt": "2016-06-28T12:15:35.191Z",
        "zip_code": 12885
    },
	{
        "city": "Hong Kong",
        "country": "Hong Kong",
        "createdAt": "2016-03-05T08:45:14.654Z",
        "objectId": "XGe6chwT2I",
        "request_count": 0,
        "updatedAt": "2016-03-05T08:45:14.654Z",
        "zip_code": 0
    },
	{
        "city": "Amherst",
        "country": "United States",
        "createdAt": "2016-06-30T20:48:54.922Z",
        "objectId": "XMkaakOSOS",
        "request_count": 1,
        "updatedAt": "2016-06-30T20:49:00.104Z",
        "zip_code": 14221
    },
	{
        "city": "Bicester",
        "country": "United Kingdom",
        "createdAt": "2016-03-22T15:23:25.643Z",
        "objectId": "XMotyEjFlL",
        "request_count": 1,
        "updatedAt": "2016-03-22T15:23:27.172Z",
        "zip_code": 0
    },
	{
        "city": "Santa Monica",
        "country": "United States",
        "createdAt": "2016-03-18T20:15:39.525Z",
        "objectId": "XYporZwept",
        "request_count": 0,
        "updatedAt": "2016-03-18T20:15:39.525Z",
        "zip_code": 90401
    },
	{
        "city": "Chamusca",
        "country": "Portugal",
        "createdAt": "2016-03-22T11:25:52.739Z",
        "objectId": "YApDizcTkL",
        "request_count": 1,
        "updatedAt": "2016-03-22T11:25:59.053Z",
        "zip_code": 2140011
    },
	{
        "city": "Somerville",
        "country": "United States",
        "createdAt": "2016-04-21T01:26:25.440Z",
        "objectId": "YPRDBMjEvd",
        "request_count": 0,
        "updatedAt": "2016-04-21T01:26:25.440Z",
        "zip_code": 2143
    },
	{
        "city": "Commerce City",
        "country": "United States",
        "createdAt": "2016-03-18T02:40:17.002Z",
        "objectId": "YslhqVybYt",
        "request_count": 0,
        "updatedAt": "2016-03-18T02:40:17.002Z",
        "zip_code": 80640
    },
	{
        "city": "West Bloomfield",
        "country": "United States",
        "createdAt": "2016-04-08T23:25:03.252Z",
        "objectId": "Z0VJVlJIzR",
        "request_count": 1,
        "updatedAt": "2016-04-08T23:25:07.694Z",
        "zip_code": 48322
    },
	{
        "city": "Kadiköy",
        "country": "Turkey",
        "createdAt": "2016-05-18T16:56:00.382Z",
        "objectId": "Z2uBoxzmCJ",
        "request_count": 0,
        "updatedAt": "2016-05-18T16:56:00.382Z",
        "zip_code": 34714
    },
	{
        "city": "西安市",
        "country": "中国",
        "createdAt": "2016-03-21T17:13:38.405Z",
        "objectId": "ZLmlSuM9x2",
        "request_count": 1,
        "updatedAt": "2016-03-21T17:13:41.394Z",
        "zip_code": 0
    },
	{
        "city": "Fairfield",
        "country": "United States",
        "createdAt": "2016-02-23T18:22:39.715Z",
        "objectId": "ZnpZ4Cm7Rn",
        "request_count": 0,
        "updatedAt": "2016-02-23T18:22:39.715Z",
        "zip_code": 6824
    },
	{
        "city": "Kloof",
        "country": "South Africa",
        "createdAt": "2016-04-14T06:49:30.257Z",
        "objectId": "aOhnnh4kdQ",
        "request_count": 0,
        "updatedAt": "2016-04-14T06:49:30.257Z",
        "zip_code": 3610
    },
	{
        "city": "Pondokgede",
        "country": "Indonesia",
        "createdAt": "2016-01-19T01:34:18.765Z",
        "objectId": "aR3gsCPAnY",
        "request_count": 7,
        "updatedAt": "2016-02-10T12:46:04.767Z",
        "zip_code": 17415
    },
	{
        "city": "Springfield",
        "country": "United States",
        "createdAt": "2015-12-25T00:08:03.598Z",
        "objectId": "acyVKAsq6J",
        "request_count": 0,
        "updatedAt": "2015-12-25T00:08:03.598Z",
        "zip_code": 7081
    },
	{
        "city": "South Whitehall",
        "country": "United States",
        "createdAt": "2016-06-22T21:16:05.924Z",
        "objectId": "alJS4o72uV",
        "request_count": 1,
        "updatedAt": "2016-06-22T21:16:10.007Z",
        "zip_code": 18104
    },
	{
        "city": "Ptuj",
        "country": "Slovenia",
        "createdAt": "2016-07-25T15:37:58.671Z",
        "objectId": "alSNq3oO5b",
        "request_count": 0,
        "updatedAt": "2016-07-25T15:37:58.671Z",
        "zip_code": 2250
    },
	{
        "city": "Tulsa",
        "country": "United States",
        "createdAt": "2016-08-11T14:34:41.547Z",
        "objectId": "bhpxUlxipc",
        "request_count": 0,
        "updatedAt": "2016-08-11T14:34:41.547Z",
        "zip_code": 74133
    },
	{
        "city": "Las Vegas",
        "country": "United States",
        "createdAt": "2016-03-21T18:06:37.342Z",
        "objectId": "bmj3LrOGfx",
        "request_count": 0,
        "updatedAt": "2016-03-21T18:06:37.342Z",
        "zip_code": 89158
    },
	{
        "city": "Grosse Pointe",
        "country": "United States",
        "createdAt": "2016-03-26T22:41:13.636Z",
        "objectId": "bxThbiTCJO",
        "request_count": 1,
        "updatedAt": "2016-03-26T22:41:39.369Z",
        "zip_code": 48230
    },
	{
        "city": "Columbia",
        "country": "United States",
        "createdAt": "2016-04-14T21:15:28.728Z",
        "objectId": "d4f23CQcLg",
        "request_count": 0,
        "updatedAt": "2016-04-14T21:15:28.728Z",
        "zip_code": 29201
    },
	{
        "city": "North Bergen",
        "country": "United States",
        "createdAt": "2016-01-06T13:35:05.974Z",
        "objectId": "d76Bnelrh1",
        "request_count": 0,
        "updatedAt": "2016-01-06T13:35:05.974Z",
        "zip_code": 7047
    },
	{
        "city": "Lonavala",
        "country": "India",
        "createdAt": "2016-07-14T11:53:42.863Z",
        "objectId": "d7h1GQmtuj",
        "request_count": 1,
        "updatedAt": "2016-07-14T11:54:28.615Z",
        "zip_code": 410402
    },
	{
        "city": "",
        "country": "India",
        "createdAt": "2016-01-30T01:51:35.448Z",
        "objectId": "dLy1U2b2xq",
        "request_count": 0,
        "updatedAt": "2016-01-30T01:51:35.448Z",
        "zip_code": 144035
    },
	{
        "city": "Overath",
        "country": "Deutschland",
        "createdAt": "2016-04-25T06:50:36.906Z",
        "objectId": "dTmKRv2HOh",
        "request_count": 0,
        "updatedAt": "2016-04-25T06:50:36.906Z",
        "zip_code": 51491
    },
	{
        "city": "Deerpark",
        "country": "United States",
        "createdAt": "2016-07-01T17:33:33.355Z",
        "objectId": "dmjcui6ZJX",
        "request_count": 0,
        "updatedAt": "2016-07-01T17:33:33.355Z",
        "zip_code": 12780
    },
	{
        "city": "Ptuj",
        "country": "Slovenia",
        "createdAt": "2016-07-25T15:37:58.526Z",
        "objectId": "dnG5KN5Wx6",
        "request_count": 1,
        "updatedAt": "2016-07-25T15:38:20.869Z",
        "zip_code": 2250
    },
	{
        "city": "Cheektowaga",
        "country": "United States",
        "createdAt": "2016-07-06T22:38:39.568Z",
        "objectId": "e5BW8KfXvo",
        "request_count": 0,
        "updatedAt": "2016-07-06T22:38:39.568Z",
        "zip_code": 14225
    },
	{
        "city": "Mauldin",
        "country": "United States",
        "createdAt": "2016-03-13T06:58:32.813Z",
        "objectId": "eCUlZFcqbP",
        "request_count": 1,
        "updatedAt": "2016-03-13T06:59:31.544Z",
        "zip_code": 29607
    },
	{
        "city": "Layton",
        "country": "United States",
        "createdAt": "2016-04-19T02:38:41.873Z",
        "objectId": "ef6uIFzeDA",
        "request_count": 0,
        "updatedAt": "2016-04-19T02:38:41.873Z",
        "zip_code": 84041
    },
	{
        "city": "Maidenhead",
        "country": "United Kingdom",
        "createdAt": "2016-03-21T16:40:07.009Z",
        "objectId": "efbQNa78OZ",
        "request_count": 1,
        "updatedAt": "2016-03-21T16:40:32.284Z",
        "zip_code": 0
    },
	{
        "city": "Suwanee",
        "country": "United States",
        "createdAt": "2016-09-03T02:44:07.489Z",
        "objectId": "enBFo4Z1gS",
        "request_count": 1,
        "updatedAt": "2016-09-03T02:44:12.212Z",
        "zip_code": 30024
    },
	{
        "city": "Boulder",
        "country": "United States",
        "createdAt": "2016-03-16T13:22:13.931Z",
        "objectId": "ep5W14HUPN",
        "request_count": 1,
        "updatedAt": "2016-03-16T13:22:17.000Z",
        "zip_code": 80303
    },
	{
        "city": "Nitra",
        "country": "Slovenská republika",
        "createdAt": "2016-02-21T00:17:57.120Z",
        "objectId": "erUkTZ9unE",
        "request_count": 0,
        "updatedAt": "2016-02-21T00:17:57.120Z",
        "zip_code": 94901
    },
	{
        "city": "Crozier",
        "country": "United States",
        "createdAt": "2016-04-16T18:20:22.273Z",
        "objectId": "f2Kdw9vT5n",
        "request_count": 0,
        "updatedAt": "2016-04-16T18:20:22.273Z",
        "zip_code": 23039
    },
	{
        "city": "Mount Roskill",
        "country": "New Zealand",
        "createdAt": "2016-04-24T01:23:32.201Z",
        "objectId": "f2d2GILFm5",
        "request_count": 1,
        "updatedAt": "2016-04-24T01:28:17.479Z",
        "zip_code": 1041
    },
	{
        "city": "Rocky River",
        "country": "United States",
        "createdAt": "2016-03-27T01:04:32.635Z",
        "objectId": "fBiWFbsT4A",
        "request_count": 0,
        "updatedAt": "2016-03-27T01:04:32.635Z",
        "zip_code": 44116
    },
	{
        "city": "Hoboken",
        "country": "United States",
        "createdAt": "2015-12-17T04:08:52.043Z",
        "objectId": "fKyVjaorAk",
        "request_count": 0,
        "updatedAt": "2016-01-09T04:05:13.512Z",
        "zip_code": 7030
    },
	{
        "city": "Athens",
        "country": "United States",
        "createdAt": "2016-07-02T20:59:43.790Z",
        "objectId": "foF0Ed3hVn",
        "request_count": 0,
        "updatedAt": "2016-07-02T20:59:43.790Z",
        "zip_code": 12015
    },
	{
        "city": "Wien",
        "country": "Österreich",
        "createdAt": "2016-05-23T13:06:13.387Z",
        "objectId": "fqQ8OcGdxh",
        "request_count": 0,
        "updatedAt": "2016-05-23T13:06:13.387Z",
        "zip_code": 1070
    },
	{
        "city": "",
        "country": "Saudi Arabia",
        "createdAt": "2016-04-02T17:15:53.514Z",
        "objectId": "fvsnprVhj1",
        "request_count": 1,
        "updatedAt": "2016-04-02T17:19:02.715Z",
        "zip_code": 23466
    },
	{
        "city": "Bridgewater",
        "country": "United States",
        "createdAt": "2015-12-27T22:07:39.659Z",
        "objectId": "fxVf3jtjKo",
        "request_count": 0,
        "updatedAt": "2015-12-27T22:07:39.659Z",
        "zip_code": 8873
    },
	{
        "city": "Somers",
        "country": "United States",
        "createdAt": "2016-07-08T03:39:25.617Z",
        "objectId": "g2w21bwkHB",
        "request_count": 0,
        "updatedAt": "2016-07-08T03:39:25.617Z",
        "zip_code": 10598
    },
	{
        "city": "Gravesend",
        "country": "United Kingdom",
        "createdAt": "2016-02-27T22:04:09.818Z",
        "objectId": "gPvLp9zGvk",
        "request_count": 1,
        "updatedAt": "2016-02-27T22:05:25.898Z",
        "zip_code": 0
    },
	{
        "city": "Barcelona",
        "country": "Spain",
        "createdAt": "2016-03-13T00:46:07.782Z",
        "objectId": "gUMvMCHjDN",
        "request_count": 1,
        "updatedAt": "2016-03-13T00:46:12.902Z",
        "zip_code": 8015
    },
	{
        "city": "Morris",
        "country": "United States",
        "createdAt": "2016-04-17T01:53:15.633Z",
        "objectId": "ge5aUm7LMh",
        "request_count": 0,
        "updatedAt": "2016-04-17T01:53:15.633Z",
        "zip_code": 7960
    },
	{
        "city": "Torres Novas",
        "country": "Portugal",
        "createdAt": "2016-03-22T22:50:15.854Z",
        "objectId": "grWvFBjsMc",
        "request_count": 1,
        "updatedAt": "2016-03-22T22:50:17.721Z",
        "zip_code": 2350672
    },
	{
        "city": "Rodgau",
        "country": "Deutschland",
        "createdAt": "2016-06-17T20:37:47.123Z",
        "objectId": "hwNaSUts2q",
        "request_count": 0,
        "updatedAt": "2016-06-17T20:37:47.123Z",
        "zip_code": 63110
    },
	{
        "city": "Sbata",
        "country": "Morocco",
        "createdAt": "2016-09-03T16:36:04.000Z",
        "objectId": "iB16ttVRfy",
        "request_count": 0,
        "updatedAt": "2016-09-03T16:36:04.000Z",
        "zip_code": 20000
    },
	{
        "city": "Des Moines",
        "country": "United States",
        "createdAt": "2016-06-19T04:28:03.783Z",
        "objectId": "iOOOWqTFgG",
        "request_count": 1,
        "updatedAt": "2016-06-19T04:28:10.333Z",
        "zip_code": 98198
    },
	{
        "city": "Al Zamalek",
        "country": "Egypt",
        "createdAt": "2016-05-29T20:54:19.830Z",
        "objectId": "ic2pnEuaqV",
        "request_count": 1,
        "updatedAt": "2016-05-29T20:54:27.233Z",
        "zip_code": 0
    },
	{
        "city": "",
        "country": "Kyrgyzstan",
        "createdAt": "2016-01-01T09:01:08.858Z",
        "objectId": "izMrehgUld",
        "request_count": 0,
        "updatedAt": "2016-01-01T09:01:08.858Z",
        "zip_code": 0
    },
	{
        "city": "沈阳市",
        "country": "中国",
        "createdAt": "2016-05-13T15:13:27.211Z",
        "objectId": "jCDvm99qfv",
        "request_count": 1,
        "updatedAt": "2016-05-13T15:13:43.459Z",
        "zip_code": 0
    },
	{
        "city": "Tullamarine",
        "country": "Australia",
        "createdAt": "2016-03-18T11:47:01.565Z",
        "objectId": "jGLkRRQPsQ",
        "request_count": 1,
        "updatedAt": "2016-03-18T11:51:40.567Z",
        "zip_code": 3043
    },
	{
        "city": "Burke",
        "country": "United States",
        "createdAt": "2016-03-12T13:35:21.784Z",
        "objectId": "jHrJ2dKH5k",
        "request_count": 1,
        "updatedAt": "2016-03-12T13:37:16.155Z",
        "zip_code": 22015
    },
	{
        "city": "Chesapeake",
        "country": "United States",
        "createdAt": "2016-07-18T00:12:00.113Z",
        "objectId": "jRw3jgrIlv",
        "request_count": 0,
        "updatedAt": "2016-07-18T00:12:00.113Z",
        "zip_code": 23323
    },
	{
        "city": "Hardyston",
        "country": "United States",
        "createdAt": "2016-04-10T12:30:57.790Z",
        "objectId": "jrKpuFRTV8",
        "request_count": 0,
        "updatedAt": "2016-04-10T12:30:57.790Z",
        "zip_code": 7419
    },
	{
        "city": "Babylon",
        "country": "United States",
        "createdAt": "2015-12-29T02:00:31.025Z",
        "objectId": "k5joIUs1jA",
        "request_count": 0,
        "updatedAt": "2015-12-29T02:00:31.025Z",
        "zip_code": 11798
    },
	{
        "city": "Broomfield",
        "country": "United States",
        "createdAt": "2016-07-28T09:34:28.945Z",
        "objectId": "kAeB5FjYSZ",
        "request_count": 1,
        "updatedAt": "2016-07-28T09:34:34.712Z",
        "zip_code": 80021
    },
	{
        "city": "Fitchburg",
        "country": "United States",
        "createdAt": "2016-03-12T17:09:31.693Z",
        "objectId": "kCcK5xMIna",
        "request_count": 1,
        "updatedAt": "2016-03-12T17:12:16.148Z",
        "zip_code": 53719
    },
	{
        "city": "Guthrie",
        "country": "United States",
        "createdAt": "2016-04-18T02:06:58.327Z",
        "objectId": "kFqdUn2x5L",
        "request_count": 1,
        "updatedAt": "2016-04-18T02:07:09.423Z",
        "zip_code": 73044
    },
	{
        "city": "Cebu City",
        "country": "Philippines",
        "createdAt": "2016-03-21T14:11:14.377Z",
        "objectId": "kh0tEtrv5e",
        "request_count": 0,
        "updatedAt": "2016-03-21T14:11:14.377Z",
        "zip_code": 0
    },
	{
        "city": "Minetto",
        "country": "United States",
        "createdAt": "2016-06-26T02:00:36.311Z",
        "objectId": "ksxtJOTuNN",
        "request_count": 0,
        "updatedAt": "2016-06-26T02:00:36.311Z",
        "zip_code": 13126
    },
	{
        "city": "Arlington",
        "country": "United States",
        "createdAt": "2016-03-13T05:27:39.413Z",
        "objectId": "kuyLOQUdJm",
        "request_count": 1,
        "updatedAt": "2016-03-13T05:27:49.588Z",
        "zip_code": 22201
    },
	{
        "city": "New Hartford",
        "country": "United States",
        "createdAt": "2016-04-25T16:37:21.149Z",
        "objectId": "l26gOQnyqg",
        "request_count": 0,
        "updatedAt": "2016-04-25T16:37:21.149Z",
        "zip_code": 13413
    },
	{
        "city": "Beijing",
        "country": "China",
        "createdAt": "2016-03-06T11:40:54.899Z",
        "objectId": "lEMgA1gRuL",
        "request_count": 1,
        "updatedAt": "2016-03-06T11:41:38.984Z",
        "zip_code": 0
    },
	{
        "city": "New Brunswick",
        "country": "United States",
        "createdAt": "2016-01-29T19:21:50.587Z",
        "objectId": "lEaxT0aVIF",
        "request_count": 1,
        "updatedAt": "2016-04-14T16:47:27.359Z",
        "zip_code": 8901
    },
	{
        "city": "Chongqing",
        "country": "China",
        "createdAt": "2016-07-06T23:29:22.484Z",
        "objectId": "lKKA9hfRCQ",
        "request_count": 1,
        "updatedAt": "2016-07-06T23:29:43.931Z",
        "zip_code": 0
    },
	{
        "city": "Santo Domingo",
        "country": "Dominican Republic",
        "createdAt": "2016-07-03T14:50:01.957Z",
        "objectId": "ldgyBNdXgd",
        "request_count": 0,
        "updatedAt": "2016-07-03T14:50:01.957Z",
        "zip_code": 0
    },
	{
        "city": "Lancaster",
        "country": "United States",
        "createdAt": "2016-03-22T15:07:58.114Z",
        "objectId": "lvsB0Zwsw9",
        "request_count": 0,
        "updatedAt": "2016-03-22T15:07:58.114Z",
        "zip_code": 43130
    },
	{
        "city": "Toms River",
        "country": "United States",
        "createdAt": "2016-02-23T10:50:27.423Z",
        "objectId": "lyO7o2RzKE",
        "request_count": 1,
        "updatedAt": "2016-02-23T10:50:57.631Z",
        "zip_code": 8753
    },
	{
        "city": "Hamburg",
        "country": "United States",
        "createdAt": "2016-06-28T19:39:11.237Z",
        "objectId": "m07IvnC3q0",
        "request_count": 0,
        "updatedAt": "2016-06-28T19:39:11.237Z",
        "zip_code": 14075
    },
	{
        "city": "旧金山",
        "country": "美国",
        "createdAt": "2016-06-21T13:41:44.267Z",
        "objectId": "m6nt8z2WFv",
        "request_count": 1,
        "updatedAt": "2016-06-21T23:54:48.905Z",
        "zip_code": 94103
    },
	{
        "city": "Rio de Janeiro",
        "country": "Brazil",
        "createdAt": "2016-02-13T13:08:29.719Z",
        "objectId": "m7eTjt37GP",
        "request_count": 0,
        "updatedAt": "2016-02-13T13:08:29.719Z",
        "zip_code": 20220
    },
	{
        "city": "Eden Prairie",
        "country": "United States",
        "createdAt": "2016-03-18T04:52:49.365Z",
        "objectId": "maMuOb0STa",
        "request_count": 1,
        "updatedAt": "2016-03-18T04:57:46.569Z",
        "zip_code": 55347
    },
	{
        "city": "Secaucus",
        "country": "United States",
        "createdAt": "2015-12-24T19:08:33.634Z",
        "objectId": "n7h3FO2eqp",
        "request_count": 0,
        "updatedAt": "2015-12-24T19:08:33.634Z",
        "zip_code": 7094
    },
	{
        "city": "Los Altos",
        "country": "United States",
        "createdAt": "2016-03-18T01:12:14.494Z",
        "objectId": "n8QRev6BVf",
        "request_count": 1,
        "updatedAt": "2016-03-18T01:12:19.077Z",
        "zip_code": 94022
    },
	{
        "city": "Los Angeles",
        "country": "United States",
        "createdAt": "2016-03-23T17:16:49.968Z",
        "objectId": "nNG6Ea7dNW",
        "request_count": 1,
        "updatedAt": "2016-03-29T05:35:04.085Z",
        "zip_code": 90041
    },
	{
        "city": "Boise",
        "country": "United States",
        "createdAt": "2016-05-31T20:19:05.136Z",
        "objectId": "nQSUSIkmw0",
        "request_count": 0,
        "updatedAt": "2016-05-31T20:19:05.136Z",
        "zip_code": 83712
    },
	{
        "city": "Elizabeth",
        "country": "United States",
        "createdAt": "2015-12-25T05:20:32.565Z",
        "objectId": "nfNNVKqP84",
        "request_count": 0,
        "updatedAt": "2015-12-25T05:20:32.565Z",
        "zip_code": 7208
    },
	{
        "city": "Mc Lean",
        "country": "United States",
        "createdAt": "2016-04-13T20:48:21.108Z",
        "objectId": "nmroIZrWHj",
        "request_count": 0,
        "updatedAt": "2016-04-13T20:48:21.108Z",
        "zip_code": 22102
    },
	{
        "city": "Rochester",
        "country": "United States",
        "createdAt": "2016-03-15T02:04:05.977Z",
        "objectId": "o8W6n9osKi",
        "request_count": 1,
        "updatedAt": "2016-03-15T02:04:13.023Z",
        "zip_code": 14607
    },
	{
        "city": "Mount Olive",
        "country": "United States",
        "createdAt": "2016-04-10T15:52:02.138Z",
        "objectId": "o9DXyYlyJZ",
        "request_count": 0,
        "updatedAt": "2016-04-10T15:52:02.138Z",
        "zip_code": 7828
    },
	{
        "city": "Amsterdam",
        "country": "Netherlands",
        "createdAt": "2016-07-08T09:58:24.839Z",
        "objectId": "oK91yQpD6N",
        "request_count": 0,
        "updatedAt": "2016-07-08T09:58:24.839Z",
        "zip_code": 1019
    },
	{
        "city": "Lycksele",
        "country": "Sweden",
        "createdAt": "2016-07-29T13:00:38.052Z",
        "objectId": "oXtzbG5g5e",
        "request_count": 0,
        "updatedAt": "2016-07-29T13:00:38.052Z",
        "zip_code": 921
    },
	{
        "city": "Littleton",
        "country": "United States",
        "createdAt": "2016-07-23T14:48:59.955Z",
        "objectId": "oYGV4xFMVR",
        "request_count": 0,
        "updatedAt": "2016-07-23T14:48:59.955Z",
        "zip_code": 80120
    },
	{
        "city": "Albany",
        "country": "United States",
        "createdAt": "2016-06-24T16:08:17.419Z",
        "objectId": "odCDVZWHDO",
        "request_count": 1,
        "updatedAt": "2016-06-24T16:08:20.428Z",
        "zip_code": 12222
    },
	{
        "city": "Bay Lake",
        "country": "United States",
        "createdAt": "2016-06-15T01:33:46.495Z",
        "objectId": "odDoijKTAJ",
        "request_count": 0,
        "updatedAt": "2016-06-15T01:33:46.495Z",
        "zip_code": 32830
    },
	{
        "city": "Cascais",
        "country": "Portugal",
        "createdAt": "2016-04-09T10:21:56.605Z",
        "objectId": "otSI2vnlaf",
        "request_count": 1,
        "updatedAt": "2016-04-09T10:23:12.818Z",
        "zip_code": 2750
    },
	{
        "city": "Oyster Bay",
        "country": "United States",
        "createdAt": "2016-01-19T02:23:24.320Z",
        "objectId": "pF3qqKDw0Z",
        "request_count": 0,
        "updatedAt": "2016-01-19T02:23:24.320Z",
        "zip_code": 11804
    },
	{
        "city": "桂林市",
        "country": "中国",
        "createdAt": "2016-07-29T15:35:33.716Z",
        "objectId": "pF5nEtaBhw",
        "request_count": 0,
        "updatedAt": "2016-07-29T15:35:33.716Z",
        "zip_code": 0
    },
	{
        "city": "Oppenheim",
        "country": "Germany",
        "createdAt": "2016-03-23T08:00:32.651Z",
        "objectId": "pKL8Y0v0AX",
        "request_count": 1,
        "updatedAt": "2016-03-23T08:00:38.029Z",
        "zip_code": 55276
    },
	{
        "city": "Houston",
        "country": "United States",
        "createdAt": "2016-02-22T03:28:08.087Z",
        "objectId": "pTP19pSa6F",
        "request_count": 1,
        "updatedAt": "2016-06-28T11:56:44.807Z",
        "zip_code": 77077
    },
	{
        "city": "Orlando",
        "country": "United States",
        "createdAt": "2016-06-07T13:40:12.443Z",
        "objectId": "preIt8RoCo",
        "request_count": 2,
        "updatedAt": "2016-06-07T13:55:24.524Z",
        "zip_code": 32836
    },
	{
        "city": "Nasr City",
        "country": "Egypt",
        "createdAt": "2016-05-28T17:31:22.021Z",
        "objectId": "qA0V1Ib9Mp",
        "request_count": 1,
        "updatedAt": "2016-05-28T17:31:31.332Z",
        "zip_code": 0
    },
	{
        "city": "New Paltz",
        "country": "United States",
        "createdAt": "2016-06-30T23:25:09.661Z",
        "objectId": "qCNfLUaVwc",
        "request_count": 0,
        "updatedAt": "2016-06-30T23:25:09.661Z",
        "zip_code": 12561
    },
	{
        "city": "Lisbon",
        "country": "Portugal",
        "createdAt": "2016-04-09T09:38:08.682Z",
        "objectId": "qMmctqKEAh",
        "request_count": 1,
        "updatedAt": "2016-04-09T09:38:11.842Z",
        "zip_code": 1500
    },
	{
        "city": "Irvine",
        "country": "United States",
        "createdAt": "2016-03-23T06:51:33.406Z",
        "objectId": "qfYqT0tH9E",
        "request_count": 0,
        "updatedAt": "2016-03-23T06:51:33.406Z",
        "zip_code": 92618
    },
	{
        "city": "Key West",
        "country": "United States",
        "createdAt": "2016-03-17T02:10:32.180Z",
        "objectId": "rEv2kjSmD7",
        "request_count": 0,
        "updatedAt": "2016-03-17T02:10:32.180Z",
        "zip_code": 33040
    },
	{
        "city": "Rodgau",
        "country": "Deutschland",
        "createdAt": "2016-06-17T20:37:47.235Z",
        "objectId": "rieF7y6DM4",
        "request_count": 0,
        "updatedAt": "2016-06-17T20:37:47.235Z",
        "zip_code": 63110
    },
	{
        "city": "Duren Sawit",
        "country": "Indonesia",
        "createdAt": "2016-02-10T08:42:32.586Z",
        "objectId": "t1tN6289Vp",
        "request_count": 1,
        "updatedAt": "2016-02-10T08:42:38.487Z",
        "zip_code": 13430
    },
	{
        "city": "Humble",
        "country": "United States",
        "createdAt": "2016-08-03T00:58:44.365Z",
        "objectId": "tFLv5A24zw",
        "request_count": 1,
        "updatedAt": "2016-08-03T00:58:47.878Z",
        "zip_code": 77346
    },
	{
        "city": "Redondo Beach",
        "country": "United States",
        "createdAt": "2016-03-18T04:30:53.826Z",
        "objectId": "tS0ezTNYuv",
        "request_count": 2,
        "updatedAt": "2016-03-25T06:40:31.549Z",
        "zip_code": 90278
    },
	{
        "city": "La Rinconada",
        "country": "España",
        "createdAt": "2016-03-03T11:05:56.126Z",
        "objectId": "tVfEYhKcQQ",
        "request_count": 1,
        "updatedAt": "2016-03-03T11:06:11.169Z",
        "zip_code": 41309
    },
	{
        "city": "Shawangunk",
        "country": "United States",
        "createdAt": "2016-06-29T12:45:25.990Z",
        "objectId": "tk61oOWby0",
        "request_count": 0,
        "updatedAt": "2016-06-29T12:45:25.990Z",
        "zip_code": 12589
    },
	{
        "city": "Grandview Heights",
        "country": "United States",
        "createdAt": "2016-03-15T17:42:53.799Z",
        "objectId": "tyBafvoBZq",
        "request_count": 0,
        "updatedAt": "2016-03-15T17:42:53.799Z",
        "zip_code": 43212
    },
	{
        "city": "East Palo Alto",
        "country": "United States",
        "createdAt": "2016-03-20T09:20:30.969Z",
        "objectId": "tzQfinMUfF",
        "request_count": 0,
        "updatedAt": "2016-03-20T09:20:30.969Z",
        "zip_code": 94303
    },
	{
        "city": "Rajkot",
        "country": "India",
        "createdAt": "2016-08-10T04:27:24.492Z",
        "objectId": "umPIup0kPL",
        "request_count": 1,
        "updatedAt": "2016-08-10T04:27:36.774Z",
        "zip_code": 360005
    },
	{
        "city": "San Diego",
        "country": "United States",
        "createdAt": "2016-03-21T06:14:14.271Z",
        "objectId": "us8j1gJ2tA",
        "request_count": 1,
        "updatedAt": "2016-03-21T22:02:13.936Z",
        "zip_code": 92102
    },
	{
        "city": "Cincinnati",
        "country": "United States",
        "createdAt": "2016-03-12T16:54:34.525Z",
        "objectId": "v5xwi1Mtw3",
        "request_count": 1,
        "updatedAt": "2016-03-12T16:54:41.161Z",
        "zip_code": 45255
    },
	{
        "city": "San Francisco",
        "country": "ארצות הברית",
        "createdAt": "2016-07-01T22:29:06.804Z",
        "objectId": "v9oSE0bE7h",
        "request_count": 0,
        "updatedAt": "2016-07-01T22:29:06.804Z",
        "zip_code": 94103
    },
	{
        "city": "Richmond",
        "country": "South Africa",
        "createdAt": "2016-04-13T17:36:29.348Z",
        "objectId": "vOGF4ANbZt",
        "request_count": 0,
        "updatedAt": "2016-04-13T17:36:29.348Z",
        "zip_code": 3780
    },
	{
        "city": "Union City",
        "country": "United States",
        "createdAt": "2016-01-05T22:58:08.133Z",
        "objectId": "vUjeorY7cW",
        "request_count": 1,
        "updatedAt": "2016-01-05T23:00:02.469Z",
        "zip_code": 7087
    },
	{
        "city": "New York",
        "country": "United States",
        "createdAt": "2015-12-16T19:58:44.346Z",
        "objectId": "vW8Kj7aOWO",
        "request_count": 1,
        "updatedAt": "2015-12-22T04:45:13.946Z",
        "zip_code": 10036
    },
	{
        "city": "Düsseldorf",
        "country": "Germany",
        "createdAt": "2016-03-13T14:25:04.284Z",
        "objectId": "vlub0BjUxq",
        "request_count": 0,
        "updatedAt": "2016-03-13T14:25:04.284Z",
        "zip_code": 40215
    },
	{
        "city": "Tanah Abang",
        "country": "Indonesia",
        "createdAt": "2016-06-14T12:54:36.149Z",
        "objectId": "wJgjFT4Cka",
        "request_count": 1,
        "updatedAt": "2016-06-14T12:54:56.604Z",
        "zip_code": 10270
    },
	{
        "city": "University City",
        "country": "United States",
        "createdAt": "2016-03-13T07:35:20.562Z",
        "objectId": "wjTHox3fRI",
        "request_count": 0,
        "updatedAt": "2016-03-13T07:35:20.562Z",
        "zip_code": 63130
    },
	{
        "city": "New Canaan",
        "country": "United States",
        "createdAt": "2016-06-10T06:51:48.793Z",
        "objectId": "wmjenoa89Q",
        "request_count": 0,
        "updatedAt": "2016-06-10T06:51:48.793Z",
        "zip_code": 6840
    },
	{
        "city": "Mansfield",
        "country": "Australia",
        "createdAt": "2016-03-13T01:10:33.697Z",
        "objectId": "xRXu6YJrHc",
        "request_count": 1,
        "updatedAt": "2016-03-13T01:10:42.262Z",
        "zip_code": 4122
    },
	{
        "city": "Dallas",
        "country": "United States",
        "createdAt": "2016-03-14T03:46:42.999Z",
        "objectId": "y7JEuEKuIf",
        "request_count": 2,
        "updatedAt": "2016-07-08T03:05:56.444Z",
        "zip_code": 75204
    },
	{
        "city": "Sonoma",
        "country": "United States",
        "createdAt": "2016-07-01T03:55:04.845Z",
        "objectId": "y9PSlR0cuR",
        "request_count": 0,
        "updatedAt": "2016-07-01T03:55:04.845Z",
        "zip_code": 95476
    },
	{
        "city": "Farmington",
        "country": "United States",
        "createdAt": "2016-06-29T00:09:16.727Z",
        "objectId": "yHnMW6JdVS",
        "request_count": 0,
        "updatedAt": "2016-06-29T00:09:16.727Z",
        "zip_code": 14425
    },
	{
        "city": "Amsterdam",
        "country": "Nederland",
        "createdAt": "2016-03-20T21:27:33.898Z",
        "objectId": "yXWz5uNo6q",
        "request_count": 1,
        "updatedAt": "2016-03-20T21:27:36.323Z",
        "zip_code": 1087
    },
	{
        "city": "Makó",
        "country": "Magyarország",
        "createdAt": "2016-07-01T04:31:48.235Z",
        "objectId": "zTP4rt2mWN",
        "request_count": 0,
        "updatedAt": "2016-07-01T04:31:48.235Z",
        "zip_code": 6900
    },
	{
        "city": "Westbury",
        "country": "United States",
        "createdAt": "2015-12-30T19:35:26.798Z",
        "objectId": "zXSluazsqg",
        "request_count": 0,
        "updatedAt": "2015-12-30T19:35:26.798Z",
        "zip_code": 11590
    },
	{
        "city": "Moscow",
        "country": "Russia",
        "createdAt": "2016-02-03T21:09:34.623Z",
        "objectId": "zoA0WQGScG",
        "request_count": 0,
        "updatedAt": "2016-02-03T21:09:34.623Z",
        "zip_code": 109012
    }
] }