{ "results": [
	{
        "createdAt": "2016-01-25T02:10:05.155Z",
        "objectId": "1ONYQ37tTZ",
        "tag": "Bowling",
        "updatedAt": "2016-01-25T02:10:05.155Z"
    },
	{
        "createdAt": "2016-03-27T07:39:15.456Z",
        "objectId": "1wSPoBx9bq",
        "tag": "Cars",
        "updatedAt": "2016-03-27T07:39:15.456Z"
    },
	{
        "createdAt": "2016-01-25T02:10:43.001Z",
        "objectId": "2WasZZuRdn",
        "tag": "Speed Skating",
        "updatedAt": "2016-01-25T02:10:43.001Z"
    },
	{
        "createdAt": "2016-01-25T02:10:33.794Z",
        "objectId": "2qTKcdi6ii",
        "tag": "Movie-New Release",
        "updatedAt": "2016-01-25T02:10:33.794Z"
    },
	{
        "createdAt": "2016-01-25T02:10:34.080Z",
        "objectId": "43UbVsVb7q",
        "tag": "Muisc-Country",
        "updatedAt": "2016-01-25T02:10:34.080Z"
    },
	{
        "createdAt": "2016-01-25T02:10:31.044Z",
        "objectId": "4Z7TrVUiha",
        "tag": "Ice Skating",
        "updatedAt": "2016-01-25T02:10:31.044Z"
    },
	{
        "createdAt": "2016-01-25T02:10:28.727Z",
        "objectId": "5P4imX68Pe",
        "tag": "Games-Computer",
        "updatedAt": "2016-01-25T02:10:28.727Z"
    },
	{
        "createdAt": "2016-01-25T02:09:59.993Z",
        "objectId": "6Bgp0lgL78",
        "tag": "Arts-Acrylic",
        "updatedAt": "2016-01-25T02:09:59.993Z"
    },
	{
        "createdAt": "2016-01-25T02:10:41.041Z",
        "objectId": "6cxVk3NkOC",
        "tag": "Snowboarding",
        "updatedAt": "2016-01-25T02:10:41.041Z"
    },
	{
        "createdAt": "2016-01-25T02:10:31.655Z",
        "objectId": "6rFMtBT8ZQ",
        "tag": "Kayaking",
        "updatedAt": "2016-01-25T02:10:31.655Z"
    },
	{
        "createdAt": "2016-01-25T02:10:04.240Z",
        "objectId": "7kGpwQMNrr",
        "tag": "Boating",
        "updatedAt": "2016-01-25T02:10:04.240Z"
    },
	{
        "createdAt": "2016-01-25T02:10:19.434Z",
        "objectId": "8lniAFqSFp",
        "tag": "Drawing-Sketching",
        "updatedAt": "2016-01-25T02:10:19.434Z"
    },
	{
        "createdAt": "2016-01-25T02:10:39.239Z",
        "objectId": "91Bd3hKN8U",
        "tag": "Shows-TV",
        "updatedAt": "2016-01-25T02:10:39.239Z"
    },
	{
        "createdAt": "2016-01-25T02:10:25.210Z",
        "objectId": "92FtSpAkQr",
        "tag": "Food-Sushi",
        "updatedAt": "2016-01-25T02:10:25.210Z"
    },
	{
        "createdAt": "2016-01-25T02:10:19.717Z",
        "objectId": "95O6eQA06e",
        "tag": "Family Fun",
        "updatedAt": "2016-01-25T02:10:19.717Z"
    },
	{
        "createdAt": "2016-01-25T02:10:12.602Z",
        "objectId": "9FuR7weZQt",
        "tag": "Crafts-Sewing",
        "updatedAt": "2016-01-25T02:10:12.602Z"
    },
	{
        "createdAt": "2016-03-27T07:40:01.590Z",
        "objectId": "9P3JAopmHV",
        "tag": "Dessert",
        "updatedAt": "2016-03-27T07:40:01.590Z"
    },
	{
        "createdAt": "2016-01-25T02:10:02.082Z",
        "objectId": "9XIQdfKoPQ",
        "tag": "Arts-Watercolor",
        "updatedAt": "2016-01-25T02:10:02.082Z"
    },
	{
        "createdAt": "2016-01-25T02:10:06.026Z",
        "objectId": "9ttDWCdapm",
        "tag": "Circus",
        "updatedAt": "2016-01-25T02:10:06.026Z"
    },
	{
        "createdAt": "2016-01-25T02:10:36.872Z",
        "objectId": "9v0xyCdd27",
        "tag": "Pottery",
        "updatedAt": "2016-01-25T02:10:36.872Z"
    },
	{
        "createdAt": "2016-01-25T02:10:38.363Z",
        "objectId": "A5WvPQqkuC",
        "tag": "Shows-Live",
        "updatedAt": "2016-02-24T19:54:54.480Z"
    },
	{
        "createdAt": "2016-01-25T02:10:34.384Z",
        "objectId": "ARDt6hMAvK",
        "tag": "Music-Hip Hop",
        "updatedAt": "2016-01-25T02:10:34.384Z"
    },
	{
        "createdAt": "2016-01-25T02:10:03.932Z",
        "objectId": "AyGUNqzlPP",
        "tag": "Birdwatching",
        "updatedAt": "2016-01-25T02:10:03.932Z"
    },
	{
        "createdAt": "2016-01-25T02:10:16.033Z",
        "objectId": "B4WUvIPSRf",
        "tag": "Dancing-Flamenco",
        "updatedAt": "2016-01-25T02:10:16.033Z"
    },
	{
        "createdAt": "2016-01-25T02:10:11.688Z",
        "objectId": "BGCkKFSfhn",
        "tag": "Crafts-Quilting",
        "updatedAt": "2016-01-25T02:10:11.688Z"
    },
	{
        "createdAt": "2016-01-25T02:10:08.532Z",
        "objectId": "C6cS5jIxHQ",
        "tag": "Crafts-Candle Making",
        "updatedAt": "2016-01-25T02:10:08.532Z"
    },
	{
        "createdAt": "2016-01-25T02:10:32.637Z",
        "objectId": "COIrQbrgSe",
        "tag": "Kung Fu",
        "updatedAt": "2016-01-25T02:10:32.637Z"
    },
	{
        "createdAt": "2016-03-27T07:41:22.457Z",
        "objectId": "DcVCGsamcP",
        "tag": "Golf",
        "updatedAt": "2016-03-27T07:41:22.457Z"
    },
	{
        "createdAt": "2016-01-25T02:10:42.704Z",
        "objectId": "Dkz1rkierl",
        "tag": "Space Exploration",
        "updatedAt": "2016-01-25T02:10:42.704Z"
    },
	{
        "createdAt": "2016-01-25T02:10:11.126Z",
        "objectId": "E71F6V8JKp",
        "tag": "Crafts-Knitting",
        "updatedAt": "2016-01-25T02:10:11.126Z"
    },
	{
        "createdAt": "2016-01-25T02:10:00.301Z",
        "objectId": "ESdbeaDE0D",
        "tag": "Arts-Glass",
        "updatedAt": "2016-01-25T02:10:00.301Z"
    },
	{
        "createdAt": "2016-01-25T02:10:26.912Z",
        "objectId": "EqwDm2BmA9",
        "tag": "Foreign language",
        "updatedAt": "2016-01-25T02:10:26.912Z"
    },
	{
        "createdAt": "2016-01-25T02:10:08.839Z",
        "objectId": "Erw69Hbqf3",
        "tag": "Crafts-Coloring",
        "updatedAt": "2016-01-25T02:10:08.839Z"
    },
	{
        "createdAt": "2016-01-25T02:10:37.738Z",
        "objectId": "Fz86XLzQ7i",
        "tag": "Scuba Diving",
        "updatedAt": "2016-01-25T02:10:37.738Z"
    },
	{
        "createdAt": "2016-01-25T02:10:35.975Z",
        "objectId": "GIcmhSRyzC",
        "tag": "Paragliding",
        "updatedAt": "2016-01-25T02:10:35.975Z"
    },
	{
        "createdAt": "2016-01-25T02:10:17.403Z",
        "objectId": "I3Moo8g6x6",
        "tag": "Dancing-Tango",
        "updatedAt": "2016-01-25T02:10:17.403Z"
    },
	{
        "createdAt": "2016-01-25T02:10:27.197Z",
        "objectId": "IKRhvpKuO4",
        "tag": "Games-Card",
        "updatedAt": "2016-01-25T02:10:27.197Z"
    },
	{
        "createdAt": "2016-01-25T02:10:03.336Z",
        "objectId": "JTRfxtOmlD",
        "tag": "Basketball-NBA",
        "updatedAt": "2016-01-25T02:10:03.336Z"
    },
	{
        "createdAt": "2016-01-25T02:10:25.554Z",
        "objectId": "JwyZ1wWaNw",
        "tag": "Food-Thai",
        "updatedAt": "2016-01-25T02:10:25.554Z"
    },
	{
        "createdAt": "2016-01-25T02:10:20.004Z",
        "objectId": "KU8DC5RLhP",
        "tag": "Fishing",
        "updatedAt": "2016-01-25T02:10:20.004Z"
    },
	{
        "createdAt": "2016-01-25T02:10:17.700Z",
        "objectId": "KZgNN7H2Xt",
        "tag": "Diving-Snorkeling",
        "updatedAt": "2016-01-25T02:10:17.700Z"
    },
	{
        "createdAt": "2016-01-25T02:10:15.373Z",
        "objectId": "Kddz9tj5KR",
        "tag": "Dancing-Break",
        "updatedAt": "2016-01-25T02:10:15.373Z"
    },
	{
        "createdAt": "2016-01-25T02:10:03.036Z",
        "objectId": "LMXT791Bej",
        "tag": "Basketball-College",
        "updatedAt": "2016-01-25T02:10:03.036Z"
    },
	{
        "createdAt": "2016-01-25T02:10:38.063Z",
        "objectId": "LQH45fBI0f",
        "tag": "Shows-Comedy",
        "updatedAt": "2016-01-25T02:10:38.063Z"
    },
	{
        "createdAt": "2016-01-25T02:10:40.401Z",
        "objectId": "MGQFEQCxWv",
        "tag": "Skydiving",
        "updatedAt": "2016-01-25T04:39:18.622Z"
    },
	{
        "createdAt": "2016-01-25T02:10:44.527Z",
        "objectId": "MJCb5U1qP7",
        "tag": "Traveling-Vacations",
        "updatedAt": "2016-01-25T02:10:44.527Z"
    },
	{
        "createdAt": "2016-01-25T02:10:07.234Z",
        "objectId": "NGE3qWCG7a",
        "tag": "Collecting-Art",
        "updatedAt": "2016-01-25T04:36:49.167Z"
    },
	{
        "createdAt": "2016-01-25T02:10:37.434Z",
        "objectId": "NNhvUe5Ns3",
        "tag": "Sailing",
        "updatedAt": "2016-01-25T02:10:37.434Z"
    },
	{
        "createdAt": "2016-01-25T02:10:12.891Z",
        "objectId": "NRBApXO0Mf",
        "tag": "Crafts-Woodworking",
        "updatedAt": "2016-01-25T02:10:12.891Z"
    },
	{
        "createdAt": "2016-01-25T02:10:41.807Z",
        "objectId": "NtpNiuZTVa",
        "tag": "Spa-Hair",
        "updatedAt": "2016-01-25T02:10:41.807Z"
    },
	{
        "createdAt": "2016-01-25T02:10:42.414Z",
        "objectId": "NuaUTEXlCy",
        "tag": "Spa-Nails",
        "updatedAt": "2016-01-25T02:10:42.414Z"
    },
	{
        "createdAt": "2016-01-25T02:10:04.857Z",
        "objectId": "ORD4nmvk1p",
        "tag": "Body-Tattoos",
        "updatedAt": "2016-01-25T02:10:04.857Z"
    },
	{
        "createdAt": "2016-01-25T02:10:33.223Z",
        "objectId": "OwBfxeE1TP",
        "tag": "Martial Arts",
        "updatedAt": "2016-01-25T02:10:33.223Z"
    },
	{
        "createdAt": "2016-01-25T02:10:45.552Z",
        "objectId": "P4cQeWQGnN",
        "tag": "Trekking",
        "updatedAt": "2016-01-25T02:10:45.552Z"
    },
	{
        "createdAt": "2016-01-25T02:10:21.963Z",
        "objectId": "P813u4n0cR",
        "tag": "Food-Chinese",
        "updatedAt": "2016-01-25T02:10:21.963Z"
    },
	{
        "createdAt": "2016-01-25T02:10:30.773Z",
        "objectId": "PYeRPTzfN2",
        "tag": "Horse Riding",
        "updatedAt": "2016-01-25T02:10:30.773Z"
    },
	{
        "createdAt": "2016-01-25T02:10:23.914Z",
        "objectId": "Pugh3ppoY9",
        "tag": "Food-Kosher",
        "updatedAt": "2016-01-25T02:10:23.914Z"
    },
	{
        "createdAt": "2016-01-25T02:10:29.851Z",
        "objectId": "QZ8x3TanNK",
        "tag": "Genealogy",
        "updatedAt": "2016-01-25T02:10:29.851Z"
    },
	{
        "createdAt": "2016-01-25T02:10:42.109Z",
        "objectId": "SXlaS9HHEb",
        "tag": "Spa-Massage",
        "updatedAt": "2016-01-25T02:10:42.109Z"
    },
	{
        "createdAt": "2016-01-25T02:10:16.326Z",
        "objectId": "SpfmUClhSg",
        "tag": "Dancing-Hip Hop",
        "updatedAt": "2016-01-25T02:10:16.326Z"
    },
	{
        "createdAt": "2016-01-25T02:10:01.786Z",
        "objectId": "SzKcSwySBu",
        "tag": "Arts-Oil Painting",
        "updatedAt": "2016-01-25T02:10:01.786Z"
    },
	{
        "createdAt": "2016-01-25T02:10:23.620Z",
        "objectId": "TURRL1SEB2",
        "tag": "Food-Japenese",
        "updatedAt": "2016-01-25T02:10:23.620Z"
    },
	{
        "createdAt": "2016-01-25T02:10:44.228Z",
        "objectId": "UbaV0n55dJ",
        "tag": "Tour-Walking",
        "updatedAt": "2016-01-25T02:10:44.228Z"
    },
	{
        "createdAt": "2016-01-25T02:10:24.511Z",
        "objectId": "V4RYYEsdkG",
        "tag": "Food-Mexican",
        "updatedAt": "2016-01-25T02:10:24.511Z"
    },
	{
        "createdAt": "2016-01-25T02:10:43.655Z",
        "objectId": "VLwnPrGWHB",
        "tag": "Swimming",
        "updatedAt": "2016-01-25T02:10:43.655Z"
    },
	{
        "createdAt": "2016-01-25T02:10:41.301Z",
        "objectId": "VuB1ASt4JG",
        "tag": "Soccer",
        "updatedAt": "2016-01-25T02:10:41.301Z"
    },
	{
        "createdAt": "2016-01-25T02:10:07.853Z",
        "objectId": "Vz8wwhlmU5",
        "tag": "Cooking",
        "updatedAt": "2016-01-25T02:10:07.853Z"
    },
	{
        "createdAt": "2016-01-25T02:10:24.901Z",
        "objectId": "WWaCxXbelk",
        "tag": "Food-Southern",
        "updatedAt": "2016-01-25T02:10:24.901Z"
    },
	{
        "createdAt": "2016-01-25T02:10:26.132Z",
        "objectId": "Wa6WKXyEq0",
        "tag": "Football-College",
        "updatedAt": "2016-01-25T02:10:26.132Z"
    },
	{
        "createdAt": "2016-01-25T02:10:05.730Z",
        "objectId": "Wywaco5TUk",
        "tag": "Camping",
        "updatedAt": "2016-01-25T02:10:05.730Z"
    },
	{
        "createdAt": "2016-01-25T02:10:10.409Z",
        "objectId": "X4Kha7odvx",
        "tag": "Crafts-Handmade",
        "updatedAt": "2016-01-25T02:10:10.409Z"
    },
	{
        "createdAt": "2016-01-25T02:10:40.032Z",
        "objectId": "X4l8c6PXLy",
        "tag": "Skateboarding",
        "updatedAt": "2016-01-25T02:10:40.032Z"
    },
	{
        "createdAt": "2016-01-25T02:10:06.627Z",
        "objectId": "XIKgKEWAJQ",
        "tag": "Climbing-Rock",
        "updatedAt": "2016-01-25T02:10:06.627Z"
    },
	{
        "createdAt": "2016-01-25T02:10:34.986Z",
        "objectId": "XIZQU1Wmo0",
        "tag": "Music-Live",
        "updatedAt": "2016-01-25T02:10:34.986Z"
    },
	{
        "createdAt": "2016-01-25T02:09:59.703Z",
        "objectId": "Xk5jQA4pQo",
        "tag": "Antiques",
        "updatedAt": "2016-01-25T02:09:59.703Z"
    },
	{
        "createdAt": "2016-01-25T02:10:05.438Z",
        "objectId": "Xn26tzxrGr",
        "tag": "Cake Decorating",
        "updatedAt": "2016-01-25T02:10:05.438Z"
    },
	{
        "createdAt": "2016-01-25T02:10:38.657Z",
        "objectId": "XrFJHypjZT",
        "tag": "Shows-Magic",
        "updatedAt": "2016-01-25T04:38:30.256Z"
    },
	{
        "createdAt": "2016-01-25T02:10:31.949Z",
        "objectId": "YBaBx3Xsz3",
        "tag": "Kickboxing",
        "updatedAt": "2016-01-25T02:10:31.949Z"
    },
	{
        "createdAt": "2016-01-25T02:10:13.301Z",
        "objectId": "ZV8832CLOO",
        "tag": "Cruising",
        "updatedAt": "2016-01-25T02:10:13.301Z"
    },
	{
        "createdAt": "2016-01-25T02:10:24.224Z",
        "objectId": "ZWipFhWENf",
        "tag": "Food-Mediterranean",
        "updatedAt": "2016-01-25T02:10:24.224Z"
    },
	{
        "createdAt": "2016-01-25T02:10:02.741Z",
        "objectId": "ZwcYthLw4q",
        "tag": "Astronomy",
        "updatedAt": "2016-01-25T02:10:02.741Z"
    },
	{
        "createdAt": "2016-01-25T02:10:13.597Z",
        "objectId": "aJhVbBri1e",
        "tag": "Dancing-Ballet",
        "updatedAt": "2016-01-25T02:10:13.597Z"
    },
	{
        "createdAt": "2016-04-15T12:36:06.513Z",
        "objectId": "apnTyiHpzC",
        "tag": "Yoga",
        "updatedAt": "2016-04-15T12:36:06.513Z"
    },
	{
        "createdAt": "2016-01-25T02:10:11.977Z",
        "objectId": "awqWmVtcdF",
        "tag": "Crafts-Sand",
        "updatedAt": "2016-01-25T02:10:11.977Z"
    },
	{
        "createdAt": "2016-01-25T02:10:43.287Z",
        "objectId": "bEfF2v7bkh",
        "tag": "Surfing",
        "updatedAt": "2016-01-25T02:10:43.287Z"
    },
	{
        "createdAt": "2016-01-25T02:10:21.345Z",
        "objectId": "c8Hu34gGc7",
        "tag": "Food-BBQ",
        "updatedAt": "2016-01-25T02:10:21.345Z"
    },
	{
        "createdAt": "2016-01-25T02:10:20.315Z",
        "objectId": "dTCEG7uUqJ",
        "tag": "Fitness",
        "updatedAt": "2016-01-25T02:10:20.315Z"
    },
	{
        "createdAt": "2016-01-25T02:10:03.629Z",
        "objectId": "dZJL4XuP6S",
        "tag": "Bicycling",
        "updatedAt": "2016-01-25T04:36:11.260Z"
    },
	{
        "createdAt": "2016-01-25T02:10:45.844Z",
        "objectId": "eiejBeNvdH",
        "tag": "Volleyball",
        "updatedAt": "2016-01-25T02:10:45.844Z"
    },
	{
        "createdAt": "2016-02-10T05:38:23.403Z",
        "objectId": "f6Iv596W3T",
        "tag": "Cafe",
        "updatedAt": "2016-02-10T05:38:23.403Z"
    },
	{
        "createdAt": "2016-01-25T02:10:07.540Z",
        "objectId": "fEyp8GVa0J",
        "tag": "Collecting-Stamp",
        "updatedAt": "2016-01-25T02:10:07.540Z"
    },
	{
        "createdAt": "2016-01-25T02:10:13.936Z",
        "objectId": "fQmnB9lksX",
        "tag": "Dancing-Ballroom",
        "updatedAt": "2016-01-25T02:10:13.936Z"
    },
	{
        "createdAt": "2016-01-25T02:10:16.931Z",
        "objectId": "fxzqa2GJe3",
        "tag": "Dancing-Latin",
        "updatedAt": "2016-01-25T02:10:16.931Z"
    },
	{
        "createdAt": "2016-01-25T02:10:35.551Z",
        "objectId": "g2XSbPcEEc",
        "tag": "Parachuting",
        "updatedAt": "2016-01-25T02:10:35.551Z"
    },
	{
        "createdAt": "2016-01-25T02:10:30.138Z",
        "objectId": "g7OpQeGHc0",
        "tag": "Hiking",
        "updatedAt": "2016-01-25T02:10:30.138Z"
    },
	{
        "createdAt": "2016-01-25T02:10:06.325Z",
        "objectId": "gR7T7pOYGE",
        "tag": "Climbing-Mountain",
        "updatedAt": "2016-01-25T02:10:06.325Z"
    },
	{
        "createdAt": "2016-01-25T02:10:39.574Z",
        "objectId": "hKK7dutY4y",
        "tag": "Singing",
        "updatedAt": "2016-01-25T02:10:39.574Z"
    },
	{
        "createdAt": "2016-01-25T02:10:32.934Z",
        "objectId": "iApERdUqv0",
        "tag": "Lectures",
        "updatedAt": "2016-01-25T02:10:32.934Z"
    },
	{
        "createdAt": "2016-01-25T02:10:35.267Z",
        "objectId": "iF7TjpALOa",
        "tag": "Music-Pop",
        "updatedAt": "2016-01-25T02:10:35.267Z"
    },
	{
        "createdAt": "2016-01-25T02:10:30.450Z",
        "objectId": "iONcz9z54P",
        "tag": "Hockey",
        "updatedAt": "2016-01-25T02:10:30.450Z"
    },
	{
        "createdAt": "2016-01-25T02:10:33.523Z",
        "objectId": "inMw9IC0Qi",
        "tag": "Movie-Classic",
        "updatedAt": "2016-01-25T02:10:33.523Z"
    },
	{
        "createdAt": "2016-01-25T02:10:34.678Z",
        "objectId": "kTMbKSlrU6",
        "tag": "Music-Latin",
        "updatedAt": "2016-01-25T02:10:34.678Z"
    },
	{
        "createdAt": "2016-01-25T02:10:02.395Z",
        "objectId": "l9GGHY1tGP",
        "tag": "Astrology",
        "updatedAt": "2016-01-25T02:10:02.395Z"
    },
	{
        "createdAt": "2016-01-25T02:10:09.719Z",
        "objectId": "la5dnWIyJy",
        "tag": "Crafts-Embroidery",
        "updatedAt": "2016-01-25T02:10:09.719Z"
    },
	{
        "createdAt": "2016-01-25T02:10:04.540Z",
        "objectId": "lkChdXAgYm",
        "tag": "Body-Piercing",
        "updatedAt": "2016-01-25T02:10:04.540Z"
    },
	{
        "createdAt": "2016-01-25T02:10:11.404Z",
        "objectId": "m15VVvblVa",
        "tag": "Crafts-Paper",
        "updatedAt": "2016-01-25T02:10:11.404Z"
    },
	{
        "createdAt": "2016-01-25T02:10:29.231Z",
        "objectId": "nli8FYzA1u",
        "tag": "Games-Video",
        "updatedAt": "2016-01-25T02:10:29.231Z"
    },
	{
        "createdAt": "2016-01-25T02:10:38.945Z",
        "objectId": "oOe0XfefBO",
        "tag": "Shows-Music",
        "updatedAt": "2016-01-25T02:10:38.945Z"
    },
	{
        "createdAt": "2016-01-25T02:10:20.615Z",
        "objectId": "oj2qHa0ASl",
        "tag": "Food-American",
        "updatedAt": "2016-01-25T02:10:20.615Z"
    },
	{
        "createdAt": "2016-01-25T02:10:43.953Z",
        "objectId": "oowWIJPjhZ",
        "tag": "Tour-Riding",
        "updatedAt": "2016-01-25T02:10:43.953Z"
    },
	{
        "createdAt": "2016-01-25T02:10:12.276Z",
        "objectId": "pGmcHmuiNC",
        "tag": "Crafts-Scrapbooking",
        "updatedAt": "2016-01-25T02:10:12.276Z"
    },
	{
        "createdAt": "2016-01-25T02:10:06.936Z",
        "objectId": "pgD1Dsb3oi",
        "tag": "Coin Collecting",
        "updatedAt": "2016-01-25T02:10:06.936Z"
    },
	{
        "createdAt": "2016-01-25T02:10:16.645Z",
        "objectId": "qNSVZnV8AU",
        "tag": "Dancing-Irish",
        "updatedAt": "2016-01-25T02:10:16.645Z"
    },
	{
        "createdAt": "2016-01-25T02:10:45.273Z",
        "objectId": "qNaTyn2Xzj",
        "tag": "Treasure Hunting",
        "updatedAt": "2016-01-25T02:10:45.273Z"
    },
	{
        "createdAt": "2016-01-25T02:10:26.428Z",
        "objectId": "r0QPKaBsoq",
        "tag": "Football-NFL",
        "updatedAt": "2016-01-25T02:10:26.428Z"
    },
	{
        "createdAt": "2016-01-25T02:10:09.128Z",
        "objectId": "rFvWA1uS2W",
        "tag": "Crafts-Crochet",
        "updatedAt": "2016-01-25T02:10:09.128Z"
    },
	{
        "createdAt": "2016-04-15T12:36:28.518Z",
        "objectId": "rQLETjKRnJ",
        "tag": "Wine",
        "updatedAt": "2016-04-15T12:36:28.518Z"
    },
	{
        "createdAt": "2016-01-25T02:10:29.532Z",
        "objectId": "rZ86E11pas",
        "tag": "Gardening",
        "updatedAt": "2016-01-25T02:10:29.532Z"
    },
	{
        "createdAt": "2016-01-25T02:10:37.154Z",
        "objectId": "roNGr5U1wA",
        "tag": "Reading",
        "updatedAt": "2016-01-25T02:10:37.154Z"
    },
	{
        "createdAt": "2016-01-25T02:10:20.900Z",
        "objectId": "sIqqubu7vd",
        "tag": "Food-Bakery",
        "updatedAt": "2016-01-25T02:10:20.900Z"
    },
	{
        "createdAt": "2016-01-25T02:10:31.372Z",
        "objectId": "sc9pUAQG6g",
        "tag": "Judo",
        "updatedAt": "2016-01-25T02:10:31.372Z"
    },
	{
        "createdAt": "2016-01-25T02:10:10.700Z",
        "objectId": "tNEOXvD7lh",
        "tag": "Crafts-Jewelry Making",
        "updatedAt": "2016-01-25T02:10:10.700Z"
    },
	{
        "createdAt": "2016-01-25T02:10:00.888Z",
        "objectId": "tZ6eptpBf5",
        "tag": "Arts-Italian",
        "updatedAt": "2016-01-25T02:10:00.888Z"
    },
	{
        "createdAt": "2016-01-25T02:10:40.695Z",
        "objectId": "u0pbZYoa5H",
        "tag": "Snow Skiing",
        "updatedAt": "2016-01-25T02:10:40.695Z"
    },
	{
        "createdAt": "2016-01-25T02:10:36.270Z",
        "objectId": "uIy2BH6JqT",
        "tag": "People Watching",
        "updatedAt": "2016-01-25T02:10:36.270Z"
    },
	{
        "createdAt": "2016-01-25T02:10:25.846Z",
        "objectId": "uMvppbqDiU",
        "tag": "Food-Vietnam",
        "updatedAt": "2016-01-25T02:10:25.846Z"
    },
	{
        "createdAt": "2016-01-25T02:10:36.589Z",
        "objectId": "vd6Eg4FY2u",
        "tag": "Photography",
        "updatedAt": "2016-01-25T02:10:36.589Z"
    },
	{
        "createdAt": "2016-01-25T02:10:21.645Z",
        "objectId": "vnZL6Qh82Q",
        "tag": "Food-Brunch",
        "updatedAt": "2016-01-25T02:10:21.645Z"
    },
	{
        "createdAt": "2016-03-27T07:40:55.841Z",
        "objectId": "vzNFcABY1J",
        "tag": "Tea",
        "updatedAt": "2016-03-27T07:40:55.841Z"
    },
	{
        "createdAt": "2016-01-25T02:10:00.593Z",
        "objectId": "wAxIU4AgLC",
        "tag": "Arts-Graffiti",
        "updatedAt": "2016-01-25T04:35:54.302Z"
    },
	{
        "createdAt": "2016-01-25T02:10:46.149Z",
        "objectId": "wbJISEgJm0",
        "tag": "Writing",
        "updatedAt": "2016-01-25T02:10:46.149Z"
    },
	{
        "createdAt": "2016-01-25T02:10:23.012Z",
        "objectId": "xBrhXGUiAx",
        "tag": "Food-Dessert",
        "updatedAt": "2016-01-25T02:10:23.012Z"
    },
	{
        "createdAt": "2016-01-25T02:10:08.247Z",
        "objectId": "y582XjACvM",
        "tag": "Crafts-Beadwork",
        "updatedAt": "2016-01-25T02:10:08.247Z"
    },
	{
        "createdAt": "2016-01-25T02:10:23.322Z",
        "objectId": "ypa3z9ndPP",
        "tag": "Food-Indian",
        "updatedAt": "2016-01-25T02:10:23.322Z"
    },
	{
        "createdAt": "2016-01-25T02:10:19.118Z",
        "objectId": "zBJGYMpTEk",
        "tag": "Dog Training",
        "updatedAt": "2016-01-25T02:10:19.118Z"
    }
] }