{ "results": [
	{
        "createdAt": "2016-07-04T17:22:40.525Z",
        "event": {
            "__type": "Pointer",
            "className": "EventDetail",
            "objectId": "i1obyiPbiz"
        },
        "feedback_givenby": {
            "__type": "Pointer",
            "className": "_User",
            "objectId": "nsXv71qKkA"
        },
        "feedback_givento": {
            "__type": "Pointer",
            "className": "_User",
            "objectId": "n4HDDLou0P"
        },
        "no_show": false,
        "objectId": "18ixekgXgO",
        "rating": 5,
        "reason": "",
        "updatedAt": "2016-07-04T17:22:40.525Z"
    },
	{
        "createdAt": "2016-08-20T13:34:05.953Z",
        "event": {
            "__type": "Pointer",
            "className": "EventDetail",
            "objectId": "cFjjeNaB0H"
        },
        "feedback_givenby": {
            "__type": "Pointer",
            "className": "_User",
            "objectId": "gyFLXCTms2"
        },
        "feedback_givento": {
            "__type": "Pointer",
            "className": "_User",
            "objectId": "nsXv71qKkA"
        },
        "no_show": false,
        "objectId": "6G9aa6wCnU",
        "rating": 5,
        "reason": "",
        "updatedAt": "2016-08-20T13:34:05.953Z"
    },
	{
        "createdAt": "2016-04-10T22:30:04.404Z",
        "event": {
            "__type": "Pointer",
            "className": "EventDetail",
            "objectId": "UQvfNST92p"
        },
        "feedback_givenby": {
            "__type": "Pointer",
            "className": "_User",
            "objectId": "LXaZVKcPDj"
        },
        "feedback_givento": {
            "__type": "Pointer",
            "className": "_User",
            "objectId": "fAXQawS7XT"
        },
        "no_show": false,
        "objectId": "6JJfoVNw9f",
        "rating": 2,
        "reason": "testing reason , don't know",
        "updatedAt": "2016-04-10T22:30:04.404Z"
    },
	{
        "createdAt": "2016-05-30T21:28:20.166Z",
        "event": {
            "__type": "Pointer",
            "className": "EventDetail",
            "objectId": "ABlQ9G4dsS"
        },
        "feedback_givenby": {
            "__type": "Pointer",
            "className": "_User",
            "objectId": "n4HDDLou0P"
        },
        "feedback_givento": {
            "__type": "Pointer",
            "className": "_User",
            "objectId": "xhKX8IZnSh"
        },
        "no_show": false,
        "objectId": "6QWjufx7eR",
        "rating": 5,
        "reason": "",
        "updatedAt": "2016-05-30T21:28:20.166Z"
    },
	{
        "createdAt": "2016-04-13T18:22:09.499Z",
        "event": {
            "__type": "Pointer",
            "className": "EventDetail",
            "objectId": "9tlBQziJXj"
        },
        "feedback_givenby": {
            "__type": "Pointer",
            "className": "_User",
            "objectId": "E14B1ksCLb"
        },
        "feedback_givento": {
            "__type": "Pointer",
            "className": "_User",
            "objectId": "Xe9q79ZLNu"
        },
        "no_show": false,
        "objectId": "7Z9DnwO38n",
        "rating": 5,
        "reason": "",
        "updatedAt": "2016-04-13T18:22:09.499Z"
    },
	{
        "createdAt": "2016-08-20T13:33:27.117Z",
        "event": {
            "__type": "Pointer",
            "className": "EventDetail",
            "objectId": "cFjjeNaB0H"
        },
        "feedback_givenby": {
            "__type": "Pointer",
            "className": "_User",
            "objectId": "nsXv71qKkA"
        },
        "feedback_givento": {
            "__type": "Pointer",
            "className": "_User",
            "objectId": "gyFLXCTms2"
        },
        "no_show": false,
        "objectId": "8yfUpszzKa",
        "rating": 5,
        "reason": "",
        "updatedAt": "2016-08-20T13:33:27.117Z"
    },
	{
        "createdAt": "2016-04-11T01:00:38.703Z",
        "event": {
            "__type": "Pointer",
            "className": "EventDetail",
            "objectId": "UQvfNST92p"
        },
        "feedback_givenby": {
            "__type": "Pointer",
            "className": "_User",
            "objectId": "LXaZVKcPDj"
        },
        "feedback_givento": {
            "__type": "Pointer",
            "className": "_User",
            "objectId": "MypIxdtzk4"
        },
        "no_show": false,
        "objectId": "BMO2Lh3PxG",
        "rating": 5,
        "reason": "",
        "updatedAt": "2016-04-11T01:00:38.703Z"
    },
	{
        "createdAt": "2016-05-15T23:30:19.716Z",
        "event": {
            "__type": "Pointer",
            "className": "EventDetail",
            "objectId": "xZGCOnHQOg"
        },
        "feedback_givenby": {
            "__type": "Pointer",
            "className": "_User",
            "objectId": "AGs0Rq4VMy"
        },
        "feedback_givento": {
            "__type": "Pointer",
            "className": "_User",
            "objectId": "jTbvYPoRig"
        },
        "no_show": false,
        "objectId": "BdpGZCjfEi",
        "rating": 5,
        "reason": "",
        "updatedAt": "2016-05-15T23:30:19.716Z"
    },
	{
        "createdAt": "2016-04-11T00:17:27.347Z",
        "event": {
            "__type": "Pointer",
            "className": "EventDetail",
            "objectId": "UQvfNST92p"
        },
        "feedback_givenby": {
            "__type": "Pointer",
            "className": "_User",
            "objectId": "LXaZVKcPDj"
        },
        "feedback_givento": {
            "__type": "Pointer",
            "className": "_User",
            "objectId": "PYDFgxWKOf"
        },
        "no_show": false,
        "objectId": "D0l5ps1HVY",
        "rating": 3,
        "reason": "",
        "updatedAt": "2016-04-11T00:17:27.347Z"
    },
	{
        "createdAt": "2016-07-12T13:41:09.841Z",
        "event": {
            "__type": "Pointer",
            "className": "EventDetail",
            "objectId": "HoKVg98QKb"
        },
        "feedback_givenby": {
            "__type": "Pointer",
            "className": "_User",
            "objectId": "nsXv71qKkA"
        },
        "feedback_givento": {
            "__type": "Pointer",
            "className": "_User",
            "objectId": "0tDn3EhrnE"
        },
        "no_show": false,
        "objectId": "EXWrvDAWC9",
        "rating": 5,
        "reason": "",
        "updatedAt": "2016-07-12T13:41:09.841Z"
    },
	{
        "createdAt": "2016-04-11T01:00:38.717Z",
        "event": {
            "__type": "Pointer",
            "className": "EventDetail",
            "objectId": "UQvfNST92p"
        },
        "feedback_givenby": {
            "__type": "Pointer",
            "className": "_User",
            "objectId": "LXaZVKcPDj"
        },
        "feedback_givento": {
            "__type": "Pointer",
            "className": "_User",
            "objectId": "fAXQawS7XT"
        },
        "no_show": false,
        "objectId": "FFvmEUQrAt",
        "rating": 5,
        "reason": "",
        "updatedAt": "2016-04-11T01:00:38.717Z"
    },
	{
        "createdAt": "2016-04-13T23:29:50.071Z",
        "event": {
            "__type": "Pointer",
            "className": "EventDetail",
            "objectId": "9tlBQziJXj"
        },
        "feedback_givenby": {
            "__type": "Pointer",
            "className": "_User",
            "objectId": "Xe9q79ZLNu"
        },
        "feedback_givento": {
            "__type": "Pointer",
            "className": "_User",
            "objectId": "E14B1ksCLb"
        },
        "no_show": false,
        "objectId": "Megmzk5WHb",
        "rating": 5,
        "reason": "",
        "updatedAt": "2016-04-13T23:29:50.071Z"
    },
	{
        "createdAt": "2016-04-20T10:59:37.528Z",
        "event": {
            "__type": "Pointer",
            "className": "EventDetail",
            "objectId": "OIEVJvkFlw"
        },
        "feedback_givenby": {
            "__type": "Pointer",
            "className": "_User",
            "objectId": "E14B1ksCLb"
        },
        "feedback_givento": {
            "__type": "Pointer",
            "className": "_User",
            "objectId": "LXaZVKcPDj"
        },
        "no_show": false,
        "objectId": "OqgsVhoI1R",
        "rating": 5,
        "reason": "",
        "updatedAt": "2016-04-20T10:59:37.528Z"
    },
	{
        "createdAt": "2016-07-04T17:22:40.528Z",
        "event": {
            "__type": "Pointer",
            "className": "EventDetail",
            "objectId": "i1obyiPbiz"
        },
        "feedback_givenby": {
            "__type": "Pointer",
            "className": "_User",
            "objectId": "nsXv71qKkA"
        },
        "feedback_givento": {
            "__type": "Pointer",
            "className": "_User",
            "objectId": "SbECD1lfFd"
        },
        "no_show": false,
        "objectId": "OzSmZZGfy7",
        "rating": 5,
        "reason": "",
        "updatedAt": "2016-07-04T17:22:40.528Z"
    },
	{
        "createdAt": "2016-08-20T13:34:05.912Z",
        "event": {
            "__type": "Pointer",
            "className": "EventDetail",
            "objectId": "cFjjeNaB0H"
        },
        "feedback_givenby": {
            "__type": "Pointer",
            "className": "_User",
            "objectId": "gyFLXCTms2"
        },
        "feedback_givento": {
            "__type": "Pointer",
            "className": "_User",
            "objectId": "AGs0Rq4VMy"
        },
        "no_show": false,
        "objectId": "P4kEun0fjU",
        "rating": 5,
        "reason": "",
        "updatedAt": "2016-08-20T13:34:05.912Z"
    },
	{
        "createdAt": "2016-04-11T00:17:27.354Z",
        "event": {
            "__type": "Pointer",
            "className": "EventDetail",
            "objectId": "UQvfNST92p"
        },
        "feedback_givenby": {
            "__type": "Pointer",
            "className": "_User",
            "objectId": "LXaZVKcPDj"
        },
        "feedback_givento": {
            "__type": "Pointer",
            "className": "_User",
            "objectId": "fAXQawS7XT"
        },
        "no_show": false,
        "objectId": "ROAcVjTxsV",
        "rating": 3,
        "reason": "",
        "updatedAt": "2016-04-11T00:17:27.354Z"
    },
	{
        "createdAt": "2016-07-12T13:41:09.838Z",
        "event": {
            "__type": "Pointer",
            "className": "EventDetail",
            "objectId": "HoKVg98QKb"
        },
        "feedback_givenby": {
            "__type": "Pointer",
            "className": "_User",
            "objectId": "nsXv71qKkA"
        },
        "feedback_givento": {
            "__type": "Pointer",
            "className": "_User",
            "objectId": "WzEroymUQm"
        },
        "no_show": false,
        "objectId": "RtYdOc0vS0",
        "rating": 5,
        "reason": "",
        "updatedAt": "2016-07-12T13:41:09.838Z"
    },
	{
        "createdAt": "2016-07-14T06:31:47.406Z",
        "event": {
            "__type": "Pointer",
            "className": "EventDetail",
            "objectId": "i1obyiPbiz"
        },
        "feedback_givenby": {
            "__type": "Pointer",
            "className": "_User",
            "objectId": "SbECD1lfFd"
        },
        "feedback_givento": {
            "__type": "Pointer",
            "className": "_User",
            "objectId": "nsXv71qKkA"
        },
        "no_show": false,
        "objectId": "SKdxux2ygD",
        "rating": 5,
        "reason": "",
        "updatedAt": "2016-07-14T06:31:47.406Z"
    },
	{
        "createdAt": "2016-05-17T04:12:58.834Z",
        "event": {
            "__type": "Pointer",
            "className": "EventDetail",
            "objectId": "ABlQ9G4dsS"
        },
        "feedback_givenby": {
            "__type": "Pointer",
            "className": "_User",
            "objectId": "xhKX8IZnSh"
        },
        "feedback_givento": {
            "__type": "Pointer",
            "className": "_User",
            "objectId": "n4HDDLou0P"
        },
        "no_show": false,
        "objectId": "VN6T4g49SK",
        "rating": 5,
        "reason": "",
        "updatedAt": "2016-05-17T04:12:58.834Z"
    },
	{
        "createdAt": "2016-07-14T06:31:47.411Z",
        "event": {
            "__type": "Pointer",
            "className": "EventDetail",
            "objectId": "i1obyiPbiz"
        },
        "feedback_givenby": {
            "__type": "Pointer",
            "className": "_User",
            "objectId": "SbECD1lfFd"
        },
        "feedback_givento": {
            "__type": "Pointer",
            "className": "_User",
            "objectId": "n4HDDLou0P"
        },
        "no_show": false,
        "objectId": "VhwSgFelwh",
        "rating": 5,
        "reason": "",
        "updatedAt": "2016-07-14T06:31:47.411Z"
    },
	{
        "createdAt": "2016-04-10T22:30:04.402Z",
        "event": {
            "__type": "Pointer",
            "className": "EventDetail",
            "objectId": "UQvfNST92p"
        },
        "feedback_givenby": {
            "__type": "Pointer",
            "className": "_User",
            "objectId": "LXaZVKcPDj"
        },
        "feedback_givento": {
            "__type": "Pointer",
            "className": "_User",
            "objectId": "MypIxdtzk4"
        },
        "no_show": true,
        "objectId": "eQ0jK8suu8",
        "rating": 0,
        "reason": "",
        "updatedAt": "2016-04-10T22:30:04.402Z"
    },
	{
        "createdAt": "2016-08-20T13:33:27.113Z",
        "event": {
            "__type": "Pointer",
            "className": "EventDetail",
            "objectId": "cFjjeNaB0H"
        },
        "feedback_givenby": {
            "__type": "Pointer",
            "className": "_User",
            "objectId": "nsXv71qKkA"
        },
        "feedback_givento": {
            "__type": "Pointer",
            "className": "_User",
            "objectId": "AGs0Rq4VMy"
        },
        "no_show": false,
        "objectId": "fAvDDJNXE3",
        "rating": 5,
        "reason": "",
        "updatedAt": "2016-08-20T13:33:27.113Z"
    },
	{
        "createdAt": "2016-05-15T23:30:19.553Z",
        "event": {
            "__type": "Pointer",
            "className": "EventDetail",
            "objectId": "xZGCOnHQOg"
        },
        "feedback_givenby": {
            "__type": "Pointer",
            "className": "_User",
            "objectId": "AGs0Rq4VMy"
        },
        "feedback_givento": {
            "__type": "Pointer",
            "className": "_User",
            "objectId": "sn43AhOb9K"
        },
        "no_show": false,
        "objectId": "gIerqP6QY0",
        "rating": 5,
        "reason": "",
        "updatedAt": "2016-05-15T23:30:19.553Z"
    },
	{
        "createdAt": "2016-04-11T01:00:38.705Z",
        "event": {
            "__type": "Pointer",
            "className": "EventDetail",
            "objectId": "UQvfNST92p"
        },
        "feedback_givenby": {
            "__type": "Pointer",
            "className": "_User",
            "objectId": "LXaZVKcPDj"
        },
        "feedback_givento": {
            "__type": "Pointer",
            "className": "_User",
            "objectId": "Mupoe4Z10T"
        },
        "no_show": false,
        "objectId": "jmJhT4Hy0l",
        "rating": 5,
        "reason": "",
        "updatedAt": "2016-04-11T01:00:38.705Z"
    },
	{
        "createdAt": "2016-04-11T00:17:27.334Z",
        "event": {
            "__type": "Pointer",
            "className": "EventDetail",
            "objectId": "UQvfNST92p"
        },
        "feedback_givenby": {
            "__type": "Pointer",
            "className": "_User",
            "objectId": "LXaZVKcPDj"
        },
        "feedback_givento": {
            "__type": "Pointer",
            "className": "_User",
            "objectId": "MypIxdtzk4"
        },
        "no_show": false,
        "objectId": "m87oaFlg6b",
        "rating": 3,
        "reason": "",
        "updatedAt": "2016-04-11T00:17:27.334Z"
    },
	{
        "createdAt": "2016-04-20T10:59:37.520Z",
        "event": {
            "__type": "Pointer",
            "className": "EventDetail",
            "objectId": "OIEVJvkFlw"
        },
        "feedback_givenby": {
            "__type": "Pointer",
            "className": "_User",
            "objectId": "E14B1ksCLb"
        },
        "feedback_givento": {
            "__type": "Pointer",
            "className": "_User",
            "objectId": "7PrFTnmbQp"
        },
        "no_show": false,
        "objectId": "o4rF5aeLPe",
        "rating": 5,
        "reason": "",
        "updatedAt": "2016-04-20T10:59:37.520Z"
    },
	{
        "createdAt": "2016-04-11T01:00:38.723Z",
        "event": {
            "__type": "Pointer",
            "className": "EventDetail",
            "objectId": "UQvfNST92p"
        },
        "feedback_givenby": {
            "__type": "Pointer",
            "className": "_User",
            "objectId": "LXaZVKcPDj"
        },
        "feedback_givento": {
            "__type": "Pointer",
            "className": "_User",
            "objectId": "PYDFgxWKOf"
        },
        "no_show": false,
        "objectId": "pgi6CVD8iZ",
        "rating": 5,
        "reason": "",
        "updatedAt": "2016-04-11T01:00:38.723Z"
    },
	{
        "createdAt": "2016-04-10T22:30:04.377Z",
        "event": {
            "__type": "Pointer",
            "className": "EventDetail",
            "objectId": "UQvfNST92p"
        },
        "feedback_givenby": {
            "__type": "Pointer",
            "className": "_User",
            "objectId": "LXaZVKcPDj"
        },
        "feedback_givento": {
            "__type": "Pointer",
            "className": "_User",
            "objectId": "Mupoe4Z10T"
        },
        "no_show": false,
        "objectId": "r72APWZugh",
        "rating": 4,
        "reason": "",
        "updatedAt": "2016-04-10T22:30:04.377Z"
    },
	{
        "createdAt": "2016-04-20T11:01:02.247Z",
        "event": {
            "__type": "Pointer",
            "className": "EventDetail",
            "objectId": "OIEVJvkFlw"
        },
        "feedback_givenby": {
            "__type": "Pointer",
            "className": "_User",
            "objectId": "7PrFTnmbQp"
        },
        "feedback_givento": {
            "__type": "Pointer",
            "className": "_User",
            "objectId": "LXaZVKcPDj"
        },
        "no_show": false,
        "objectId": "sGHQMZEcPa",
        "rating": 5,
        "reason": "",
        "updatedAt": "2016-04-20T11:01:02.247Z"
    },
	{
        "createdAt": "2016-04-11T00:17:27.320Z",
        "event": {
            "__type": "Pointer",
            "className": "EventDetail",
            "objectId": "UQvfNST92p"
        },
        "feedback_givenby": {
            "__type": "Pointer",
            "className": "_User",
            "objectId": "LXaZVKcPDj"
        },
        "feedback_givento": {
            "__type": "Pointer",
            "className": "_User",
            "objectId": "Mupoe4Z10T"
        },
        "no_show": false,
        "objectId": "vJ0fCKW2Yh",
        "rating": 3,
        "reason": "",
        "updatedAt": "2016-04-11T00:17:27.320Z"
    },
	{
        "createdAt": "2016-04-20T11:01:02.240Z",
        "event": {
            "__type": "Pointer",
            "className": "EventDetail",
            "objectId": "OIEVJvkFlw"
        },
        "feedback_givenby": {
            "__type": "Pointer",
            "className": "_User",
            "objectId": "7PrFTnmbQp"
        },
        "feedback_givento": {
            "__type": "Pointer",
            "className": "_User",
            "objectId": "E14B1ksCLb"
        },
        "no_show": false,
        "objectId": "yP0vWe5Or7",
        "rating": 5,
        "reason": "",
        "updatedAt": "2016-04-20T11:01:02.240Z"
    }
] }