{ "results": [
	{
        "Image": {
            "__type": "File",
            "name": "tfss-97c76058-7dc6-47eb-a128-873d15b35e29-superstar.png",
            "url": "http://files.parsetfss.com/ff90d94d-2042-4d54-9d35-fde1dae44067/tfss-97c76058-7dc6-47eb-a128-873d15b35e29-superstar.png"
        },
        "createdAt": "2016-05-06T07:01:05.124Z",
        "objectId": "0MpHTpExkr",
        "updatedAt": "2016-05-13T10:37:45.816Z"
    },
	{
        "Image": {
            "__type": "File",
            "name": "tfss-8ec92968-fe01-4967-9f49-2d1cfadb8ac2-firstTimer.png",
            "url": "http://files.parsetfss.com/ff90d94d-2042-4d54-9d35-fde1dae44067/tfss-8ec92968-fe01-4967-9f49-2d1cfadb8ac2-firstTimer.png"
        },
        "createdAt": "2016-05-06T06:57:20.896Z",
        "objectId": "44dEhIk8Ie",
        "updatedAt": "2016-05-13T10:40:15.543Z"
    },
	{
        "Image": {
            "__type": "File",
            "name": "tfss-44723330-60f6-4541-922e-f656c68a0cd0-HighResolution.png",
            "url": "http://files.parsetfss.com/ff90d94d-2042-4d54-9d35-fde1dae44067/tfss-44723330-60f6-4541-922e-f656c68a0cd0-HighResolution.png"
        },
        "createdAt": "2015-12-16T01:34:30.977Z",
        "objectId": "7MMzyismVu",
        "updatedAt": "2015-12-16T01:34:30.977Z"
    },
	{
        "Image": {
            "__type": "File",
            "name": "tfss-f68f9727-8ab3-42d0-b4d6-c4acd00d8533-IMG_1424.PNG",
            "url": "http://files.parsetfss.com/ff90d94d-2042-4d54-9d35-fde1dae44067/tfss-f68f9727-8ab3-42d0-b4d6-c4acd00d8533-IMG_1424.PNG"
        },
        "createdAt": "2016-02-16T12:34:38.824Z",
        "objectId": "7QG5gAW7WB",
        "updatedAt": "2016-02-16T12:34:38.824Z"
    },
	{
        "Image": {
            "__type": "File",
            "name": "tfss-5676f925-4044-4eee-ada6-67530cf856cd-tfss-3597beff-7430-4254-ac06-9de52308b014-Icon-leaf_03.png",
            "url": "http://files.parsetfss.com/ff90d94d-2042-4d54-9d35-fde1dae44067/tfss-5676f925-4044-4eee-ada6-67530cf856cd-tfss-3597beff-7430-4254-ac06-9de52308b014-Icon-leaf_03.png"
        },
        "createdAt": "2016-02-09T05:58:15.222Z",
        "objectId": "AgrIqXjzcn",
        "updatedAt": "2016-02-09T05:58:15.222Z"
    },
	{
        "Image": {
            "__type": "File",
            "name": "tfss-0b861802-7253-4610-a746-a8c656d52db7-threeinoneMonth.png",
            "url": "http://files.parsetfss.com/ff90d94d-2042-4d54-9d35-fde1dae44067/tfss-0b861802-7253-4610-a746-a8c656d52db7-threeinoneMonth.png"
        },
        "createdAt": "2016-05-06T06:59:30.395Z",
        "objectId": "C72e3XnqTj",
        "updatedAt": "2016-05-13T10:38:44.608Z"
    },
	{
        "Image": {
            "__type": "File",
            "name": "tfss-a54ccf15-e5af-444e-a051-1663a21a55c3-dntknow.jpg",
            "url": "http://files.parsetfss.com/ff90d94d-2042-4d54-9d35-fde1dae44067/tfss-a54ccf15-e5af-444e-a051-1663a21a55c3-dntknow.jpg"
        },
        "createdAt": "2016-02-09T19:25:28.354Z",
        "objectId": "F5lRClwBXo",
        "updatedAt": "2016-02-09T19:25:28.354Z"
    },
	{
        "Image": {
            "__type": "File",
            "name": "tfss-075caf9f-271a-4ac8-b0cc-bdf0370b5560-earlyBird.png",
            "url": "http://files.parsetfss.com/ff90d94d-2042-4d54-9d35-fde1dae44067/tfss-075caf9f-271a-4ac8-b0cc-bdf0370b5560-earlyBird.png"
        },
        "createdAt": "2016-05-06T07:00:28.324Z",
        "objectId": "NcQtNdOZCp",
        "updatedAt": "2016-05-13T10:38:28.046Z"
    },
	{
        "Image": {
            "__type": "File",
            "name": "tfss-6cf2f22c-a69a-44f3-b778-393076d81d69-ScreenCast.mov",
            "url": "http://files.parsetfss.com/ff90d94d-2042-4d54-9d35-fde1dae44067/tfss-6cf2f22c-a69a-44f3-b778-393076d81d69-ScreenCast.mov"
        },
        "createdAt": "2015-12-28T03:00:44.429Z",
        "objectId": "QrxMfK9KH1",
        "updatedAt": "2015-12-28T03:00:44.429Z"
    },
	{
        "Image": {
            "__type": "File",
            "name": "tfss-96998068-1df6-4353-aa7a-0ef36430f5df-twoinoneweek.png",
            "url": "http://files.parsetfss.com/ff90d94d-2042-4d54-9d35-fde1dae44067/tfss-96998068-1df6-4353-aa7a-0ef36430f5df-twoinoneweek.png"
        },
        "createdAt": "2016-05-06T06:59:15.620Z",
        "objectId": "W3HVyCKV9o",
        "updatedAt": "2016-05-13T10:39:49.606Z"
    },
	{
        "Image": {
            "__type": "File",
            "name": "tfss-82162554-be35-478d-b97f-9a0b44509164-profileComplete.png",
            "url": "http://files.parsetfss.com/ff90d94d-2042-4d54-9d35-fde1dae44067/tfss-82162554-be35-478d-b97f-9a0b44509164-profileComplete.png"
        },
        "createdAt": "2016-05-06T07:01:53.452Z",
        "objectId": "coysevtj3N",
        "updatedAt": "2016-05-13T10:37:30.172Z"
    },
	{
        "Image": {
            "__type": "File",
            "name": "tfss-6fc178ff-adfd-406f-893a-becaa09914e3-FotoFlexer_Photo.png",
            "url": "http://files.parsetfss.com/ff90d94d-2042-4d54-9d35-fde1dae44067/tfss-6fc178ff-adfd-406f-893a-becaa09914e3-FotoFlexer_Photo.png"
        },
        "createdAt": "2015-12-17T21:03:21.961Z",
        "objectId": "jRLzFZH7Xf",
        "updatedAt": "2015-12-17T21:03:21.961Z"
    },
	{
        "Image": {
            "__type": "File",
            "name": "tfss-6ffcec27-419a-4586-8d80-cf9ce1060f1e-1-01.png",
            "url": "http://files.parsetfss.com/ff90d94d-2042-4d54-9d35-fde1dae44067/tfss-6ffcec27-419a-4586-8d80-cf9ce1060f1e-1-01.png"
        },
        "createdAt": "2016-02-15T20:38:36.580Z",
        "objectId": "seLvvaVY14",
        "updatedAt": "2016-02-15T20:38:36.580Z"
    },
	{
        "Image": {
            "__type": "File",
            "name": "tfss-05fed2fd-4e39-4f21-b9f2-ec133b70c141-twoinOneday.png",
            "url": "http://files.parsetfss.com/ff90d94d-2042-4d54-9d35-fde1dae44067/tfss-05fed2fd-4e39-4f21-b9f2-ec133b70c141-twoinOneday.png"
        },
        "createdAt": "2016-05-06T06:59:07.260Z",
        "objectId": "twRk3qmGV2",
        "updatedAt": "2016-05-13T10:40:03.526Z"
    },
	{
        "Image": {
            "__type": "File",
            "name": "tfss-34902f1a-3f89-4332-bc9b-56ff656a79a9-FotoFlexer_Photo-png.png",
            "url": "http://files.parsetfss.com/ff90d94d-2042-4d54-9d35-fde1dae44067/tfss-34902f1a-3f89-4332-bc9b-56ff656a79a9-FotoFlexer_Photo-png.png"
        },
        "createdAt": "2015-12-17T21:08:49.865Z",
        "objectId": "xavkYKwHnC",
        "updatedAt": "2015-12-17T21:08:49.865Z"
    },
	{
        "Image": {
            "__type": "File",
            "name": "tfss-eef63b61-e585-49b4-966d-f148d4bed90e-legend.png",
            "url": "http://files.parsetfss.com/ff90d94d-2042-4d54-9d35-fde1dae44067/tfss-eef63b61-e585-49b4-966d-f148d4bed90e-legend.png"
        },
        "createdAt": "2016-05-06T07:00:43.793Z",
        "objectId": "z4Xk27PdXA",
        "updatedAt": "2016-05-13T10:38:17.106Z"
    },
	{
        "Image": {
            "__type": "File",
            "name": "tfss-a564c48b-fdd6-4b97-8715-be29fe5f137b-star.png",
            "url": "http://files.parsetfss.com/ff90d94d-2042-4d54-9d35-fde1dae44067/tfss-a564c48b-fdd6-4b97-8715-be29fe5f137b-star.png"
        },
        "createdAt": "2016-05-06T07:00:56.590Z",
        "objectId": "zpVgfuxwlU",
        "updatedAt": "2016-05-13T10:38:04.099Z"
    },
	{
        "Image": {
            "__type": "File",
            "name": "tfss-b605cd39-6052-4ec1-9181-3eb67f8400db-photo-1444210971048-6130cf0c46cf.jpeg",
            "url": "http://files.parsetfss.com/ff90d94d-2042-4d54-9d35-fde1dae44067/tfss-b605cd39-6052-4ec1-9181-3eb67f8400db-photo-1444210971048-6130cf0c46cf.jpeg"
        },
        "createdAt": "2015-12-16T01:30:27.814Z",
        "objectId": "ztHrdYCNfK",
        "updatedAt": "2015-12-16T01:30:27.814Z"
    }
] }